DATE,equal_median,min_var_median,max_sharpe_median,kde_median,gmm_median,kde_max_sharpe_median,gmm_max_sharpe_median,value_median,markowitz_median,equal_min,min_var_min,max_sharpe_min,kde_min,gmm_min,kde_max_sharpe_min,gmm_max_sharpe_min,value_min,markowitz_min,equal_max,min_var_max,max_sharpe_max,kde_max,gmm_max,kde_max_sharpe_max,gmm_max_sharpe_max,value_max,markowitz_max
2015-01-31,0.03770778513875461,0.036718934678863224,0.045889769193789176,0.040540294318748504,0.03727546496450418,0.047717380351257166,0.04342180716467636,0.027216862183712998,0.04189103950854367,0.02484737221881428,0.01957216749690094,0.030975789123316222,0.026359283659577848,0.018309009871964932,0.03621883233270595,0.01652905595698373,0.015304448882800248,0.010849982882251252,0.049490110351638084,0.052520703396925494,0.06445525503539562,0.05940021667706197,0.07171561513343772,0.06252421789664697,0.07409765725893003,0.04091548824197622,0.07445479080848894
2015-02-28,0.029697164826266942,0.006436546550613986,0.010267160791630925,0.01456014914526138,0.012595848562359624,0.013773704458624136,0.008449404357944834,0.028747608359295684,0.02206485509669598,0.028689159896364558,0.0022036708710038155,-0.006750281360047405,-0.0009801111895749726,-0.009973233720780739,0.007367833181850747,-0.015773624848278378,0.024396990367028693,0.01902051399959448,0.03347661750182973,0.016620415599521543,0.025335816100104935,0.022744083831915063,0.027857601964025536,0.01747555465196826,0.029324349623921275,0.035684888216374944,0.022446036072683917
2015-03-31,-0.016439311738868145,-0.018725752149650776,-0.015524251846881443,-0.009909702747797011,-0.011490422843456471,-0.00826970470924926,-0.015971998314963876,-0.02331000555741658,-0.013956036285932005,-0.01796844343980819,-0.02636611200459016,-0.013087927671991073,-0.015232943092426066,-0.01627930310040482,-0.012570770661869513,-0.0194121429658608,-0.02085009495326695,-0.02988180513362948,-0.012225111349686402,-0.006853197684575596,-0.012876676000338927,-0.008050465001527285,-0.008340927239828821,0.0019080527102244282,-0.0072795037514786776,-0.01961594571758285,0.009535027604886004
2015-04-30,0.023275281070195053,0.03250010225693356,0.019237639443528742,0.021851353684761987,0.031110460909365756,0.009124273948730943,0.030099978550716333,0.031216735949805674,0.022329738597357096,0.01910072952630326,0.028916347546600996,0.01546948725228292,0.017771144938357963,0.014963239845500853,0.009809192150133761,0.01775349725442199,0.023592746748710036,-0.00018929691427382878,0.02051805267925433,0.036312104458238625,0.017127947422278966,0.028020329182390835,0.016681347832897986,0.007901277999413203,0.01879942933862666,0.029030949103464376,0.004562939330078342
2015-05-31,0.013873064584673855,0.02310930371495523,0.025507362625182273,0.023635200866448436,0.014980423180492863,0.02372366086540101,0.014093007646456934,0.009646173629420662,0.019677226902724776,0.016301514889718094,0.020714619629604858,0.028268220586527892,0.0358466589442612,0.04052080430685567,0.027872580680899928,0.04041194878001986,0.006353092966373097,0.03510246766751779,0.0177089049581296,0.011608948454123746,0.019639045907005936,0.014440617591158222,0.017539632360798363,0.027324409595184784,0.016561297298699484,0.007013987683712974,0.040739965215980334
2015-06-30,-0.056592074249787516,-0.06983332164240563,-0.06121119357007487,-0.056625001983589884,-0.05814671775044433,-0.060624204009268046,-0.06095674243200577,-0.062135278595175314,-0.04726559483339665,-0.061818117385098015,-0.07332705255844085,-0.07191949033315026,-0.06545262901761906,-0.07690027652559894,-0.06433536486599623,-0.08189889138448414,-0.06612189922679057,-0.0545828963986823,-0.05981356708624863,-0.06109573796482326,-0.052240672773960384,-0.054503888179867954,-0.04756953922552609,-0.05861076588454306,-0.048960947028645174,-0.05832537824069228,-0.03561846017260084
2015-07-31,0.02705423234306381,0.0497073306330007,0.06241335896269229,0.04959042593813967,0.06340617111993385,0.054037337040649724,0.06113151746933276,0.026146591322361523,0.0533740949816679,0.02373161749801711,0.046699680027290746,0.04366557857157671,0.04477016011788626,0.04686886150765068,0.040769796701986216,0.04094522044430571,0.031125270464388954,0.0687728586504146,0.03414784054928455,0.05354542359626557,0.07111299937758431,0.06397241453419555,0.07253527297942686,0.05635979685136827,0.07093117418974715,0.03107788397357658,0.07512390303109306
2015-08-31,-0.04974724262822361,-0.04877723955517399,-0.04064900683168171,-0.04760861949493722,-0.0484046363674826,-0.03988848675726986,-0.04221247223071234,-0.06064562833521747,-0.048815512886656975,-0.0535335084470151,-0.051051649713128366,-0.035544924174440884,-0.047762940436301915,-0.03862963441462097,-0.03975003622819406,-0.02257366469412614,-0.06255875178633341,-0.04252977566911764,-0.051233533438745926,-0.04757845127200144,-0.03909122413661237,-0.04789263885938422,-0.0396621948730711,-0.041902219535309704,-0.02962444358551153,-0.061160950447903484,-0.04538008444349795
2015-09-30,-0.026724427260246597,-0.01140798242378227,-0.0011901740409437922,-0.013173230367628741,-0.02017827230344249,-0.0023317173330917873,-0.00613125782306867,-0.018156411596574773,-0.005764369200531916,-0.03538778032812184,-0.02809929833486513,-0.00512854015769193,-0.027135414703479577,-0.025442976245107718,-0.003729799078630247,-0.0231905078325233,-0.02799150505389847,-0.030362523882823456,-0.021117063211577136,-0.0027126562804818954,0.0032574485979595114,-0.011514257431664565,-0.010110069193102422,-0.0007528267737302308,0.01609282801921008,-0.010321683000441229,-0.013864869610570763
2015-10-31,0.04378300262623824,0.041973997691407305,0.046810873445966905,0.046177598471700776,0.05862293685792985,0.0462692183514537,0.04452058500762157,0.05349814768378547,0.056281399725663483,0.04733969762163848,0.04158711250929126,0.04703030991866175,0.04415697496023441,0.04853199233116712,0.04662578578835763,0.04806227178597,0.05188017341119333,0.061968343798326275,0.048597933518991665,0.03465263695888576,0.04483736716037545,0.05625276896591935,0.0536052783728902,0.048383107231889655,0.04465223159877496,0.050368368293869814,0.0353846980883723
2015-11-30,-0.004171589287810584,-0.020539656699487985,-0.004946601423363339,-0.0014521735556899396,-0.013337201749033634,0.005070731963528807,-0.0031858962668502855,-0.0003865260968611839,-0.006554928603694998,-0.01138010397331124,-0.019341798565944646,-0.01504921246783808,0.002035704808398986,-0.011865062526122294,-0.001875587135467871,-0.006796408120969599,-0.008158124492970265,-0.028168765719523425,0.0014906860916594766,-0.009548877050451599,0.003940341466929009,0.007402914191934062,0.004359821734226221,0.005625913794406134,-0.0013245929046024063,0.004223212581420999,0.015438914480793375
2015-12-31,-0.020978557914867912,-0.0014434817144274303,-0.005359314657549574,0.004598365948307981,0.00809695043385772,-0.006828442233960952,0.0024898408449325338,-0.01893661175871797,-0.005808227069388883,-0.02555618730828968,-0.012579428803011217,0.011839817053918678,-0.010664624747062756,-0.005072877925894725,-0.0062678251887857694,-0.00946745399013349,-0.019727210233122627,-0.0017712903091181564,-0.02089837215304946,-0.0094677404126009,-0.0097149828024653,-0.00863425737439849,0.005046728139679324,-0.0062124978391735475,-0.006314866430119359,-0.016467731236167737,-0.021937418650969986
2016-01-31,-0.028591571514386516,-0.028710546422846428,-0.021845872682417222,-0.029807182766656837,-0.02085144019733942,-0.026020935673420564,-0.023125825185179916,-0.026528131493820828,-0.026035222230507027,-0.034200396500883246,-0.037188658743575354,-0.058041890576528865,-0.01801851827941736,-0.06679995569126362,-0.04118688934639614,-0.05019907493216269,-0.03597660351317544,-0.057399069567628414,-0.01998388409505747,-0.005235711362820306,-0.010988564150830493,-0.02358415975211381,-0.03906628325023731,-0.007772662060582691,-0.03313558500690861,-0.016585298810077087,-0.013462770991901407
2016-02-29,0.02615241953319991,0.033194840944307025,0.0034628301611960843,0.0019158448089766633,0.00048287542103087056,0.0006557172050369875,3.600642389045561e-05,0.0018510827702677979,-0.007090926933938091,0.029770314614025795,0.03259869243571645,-0.021116659320595366,0.005726380450267854,-0.01149219870487983,-0.005706061603903967,-0.022884347752363476,0.0018478236799788217,-0.016543376510880115,0.01682437234458889,0.026673435715569127,0.008925238998994667,0.012030042121075946,0.007687686250287928,-0.0046180647971379996,0.0331103380786435,-0.005630023178089583,0.008028180859319223
2016-03-31,0.027848826327363074,0.02207871530122474,-0.014812702483251616,-0.000295963271351285,-0.00736505234767304,-0.00175549468305225,-0.001533461504930833,0.011438660449794913,-0.015824179852582887,0.03729520170244682,0.022164549125966104,-0.008459990822799468,-0.018012372287481093,-0.011767717004201761,-0.004149387359135059,-0.013892480034309318,0.017196138970364316,-0.03738465890149101,0.02754205842651203,0.038238733842427486,0.01540173536410161,0.0165576426813423,0.030846974374426184,0.016869023017718643,0.012951762851098891,0.017174106727741334,0.03068915629932034
2016-04-30,0.016740587525898798,0.001147184999636064,-0.026065969127030297,-0.01712747964759953,-0.02704679928071152,-0.020231570907828678,-0.02336592447657526,0.018221804791391127,-0.02553381737080329,0.010175004483545136,-7.263256485023906e-05,-0.009368186704214576,-0.024826712395966344,-0.03481844368385245,-0.017573534449524364,-0.0329486162889252,0.030744278598872743,-0.01591586552316715,0.01751548336010389,0.012867626237744512,-0.028865902999063664,-0.01936102670794304,-0.018911031760631247,-0.025409619386825733,-0.037711969700192194,0.014464259102070054,-0.04165201791019835
2016-05-31,-0.007023432407760488,0.0032101339729300182,0.034605964446064785,0.028043850059952247,0.02337772591874887,0.028433504611343974,0.03796121301648414,0.002366719828998054,0.030529222540050194,-0.0051490516819372445,0.014514266017515487,-0.013386944745099605,0.030530160536221596,0.0002252882735105377,0.01613260702561292,0.007269571692470889,-0.002171252021413439,0.012841375114952536,-0.01150612269841389,-0.001528043752105357,0.04570221585103895,0.03985559570177122,0.04595714091643455,0.033479059325525196,0.0471698950850401,0.006329299849580972,0.04048318360759828
2016-06-30,0.029226223385370176,0.01666460426907701,0.004701167500003489,-0.008829543988070232,-0.018116525418405804,-0.002995638468962114,-0.0028907136991197513,0.04200296380510293,-0.010725151542305356,0.015526494977433192,-0.01931314561548403,-0.030036097177793986,-0.0397866440918081,-0.04686527063788393,-0.024982903173587423,-0.07059215871890867,0.013043205229117394,-0.049685987640479046,0.057222955027756095,0.02392169158053581,0.009429668408181158,-0.01922911652967063,-0.0030115369549229554,0.002290175884291923,0.02530233542818583,0.05982153562738657,-0.039520559286107315
2016-07-31,0.038567236410720795,0.03923840843468063,0.040128354414538325,0.03715230016034332,0.05197828871063681,0.038803885199284904,0.035890926342107,0.02854986891642808,0.05884220212496705,0.036375303343347154,0.02967159691200072,0.057706980841327304,0.03148769217364289,0.010350655906974593,0.03309260396192881,0.05724926035282785,0.04337648388394033,0.04241710480895966,0.04326048341640343,0.02113010507360258,0.028454184481987,0.04243541684496677,0.041359840479572085,0.04462879906413275,0.049599282279818135,0.014978522457694154,0.06708928497822564
2016-08-31,0.012948782375099555,0.0067743390677925674,0.018232832855268333,0.017008624541529294,0.01127026249245544,0.018610820902967395,0.017887400081913363,0.01567088743781997,0.023801829613090186,0.023605009260446952,0.026302485822276234,0.00137860860132899,0.02203357661048555,0.012117050388056105,0.021814547445947685,0.013417321879649835,0.011455746311774595,0.013076973034300332,-0.001886226542167857,0.01441529031291311,0.028768771455447206,0.0027889218894550094,0.03220528029297132,0.012271311142858066,0.01102551167992627,0.01968211761111527,0.023826258668698586
2016-09-30,0.01968119817067615,0.016424312196411828,-0.004680889176789882,-0.0012179495626183368,0.006648833151173594,-0.00341839051276549,-0.0016512629067876317,0.013259114717838694,-0.007486104542783867,0.00410961686508915,0.00448093889611112,-0.020928870228124064,-0.007154067773320616,7.923509591734046e-05,-0.025801065971296056,-0.022484901132985624,0.010174645586049857,-0.0235728049560594,0.03570431439487942,0.01830194340340019,0.008056386516689384,0.029206962542233983,0.00639226304201479,0.007434173526505328,0.01631869086899318,0.016105757134096788,0.004434073727035415
2016-10-31,0.006197502507785169,-0.006809746563557484,-0.022391000283134233,-0.011416219945892814,-0.018876953051498613,-0.024504609413094847,-0.01835178268119031,0.003409542646279018,-0.019688811767835657,0.013482064000904792,-0.005367265267083199,-0.03057433920024888,-0.019733871138071568,-0.022091003376229934,-0.024613659910550312,-0.03396761862954578,0.003373912045401495,-0.04746689781575353,0.004344322954727531,0.009578905380895897,-0.02937553977582663,-0.0158889085562548,-0.01898369378530662,-0.021835004955788606,-0.01200212804705103,0.0020462043072477787,-0.03336863038294102
2016-11-30,-0.014097797886153729,-0.023685307066106165,-0.035901523084545195,-0.03412828636130538,-0.02123382614538105,-0.028138477188072608,-0.032083924705836875,-0.02256029768589285,-0.03393493047517859,-0.017539513673889062,-0.0037714338528533897,-0.012164310219850871,-0.020505911627887397,-0.015624698041412644,-0.022896114957450586,0.002638248698569212,-0.009460745726942221,-0.016605037299363246,-0.0161507799499524,-0.008680179165996393,-0.030628799655065153,-0.005030146498149479,-0.019969736798118642,-0.03554323046478536,-0.050379987874919374,-0.024334915984972616,-0.021663513612459107
2016-12-31,0.04024884828091846,0.051879012202172836,0.0515940860959192,0.058723291655289334,0.05648152685136054,0.05122011974766538,0.04244767125923454,0.05127141214902209,0.037770194727744455,0.04774821645743965,0.05421946020817203,0.0583339573825834,0.06503177182080044,0.052469052724011034,0.05614371939317353,0.06195179526165129,0.04897590077481806,0.07063246508614518,0.03577266702213877,0.041853505548244074,0.0437701404813704,0.07611163722220304,0.05369816635383895,0.04655509781747291,0.035826281241919,0.0476882059224184,0.029577616100929793
2017-01-31,-0.00727724213507297,-0.014639129020424746,-0.00753401536994025,-0.008531555622535714,-0.011640513080404369,-0.00837826967729638,-0.005427578641264086,-0.009354632203008917,-0.004238707145685194,-0.020357694203634535,-0.03625942936165327,-0.007751962643676502,-0.03467528463076608,-0.03107148302754803,-0.0060760092303214774,-0.009416866547986347,-0.013992988165674514,0.01168998241854502,-0.0013492207521942357,-0.004421921270306495,-0.0077582239143020315,-0.014895277408880525,-0.0024787186166360664,-0.0011283995192455931,-0.004679530591546355,-0.0037555342000925585,0.012182130985620487
2017-02-28,0.03812352173353939,0.03821947973166506,0.04171365373720781,0.033985110458243595,0.039265300838479344,0.042541015721159425,0.050146105517536954,0.03460046315071508,0.04695232038398034,0.04179313853450495,0.028139621196392683,0.02369349012056099,0.03600642309974611,0.04866997291155872,0.045223055921891575,0.04411785977803917,0.030763963021892993,0.03299976856218012,0.031770948180466885,0.039246087523547635,0.03339356944218408,0.04421698367290472,0.04023560661793635,0.044287810190551724,0.05287391289498,0.030806767010203462,0.0459131026494457
2017-03-31,0.007339540743011241,0.011820444481993153,0.027536861656481282,0.026368114844284474,0.02044084957148451,0.022895643638073837,0.02799612752443159,0.010272128579660533,0.022831711935682453,0.0030094087517169577,0.011687151379464522,0.02391463498057589,0.018605594835571004,0.013252332206715955,0.018865251723645837,0.0045970036052838115,0.004048415660835802,0.01885574520920308,0.0071057406889392105,0.0063611635513787235,0.025604232032316876,0.007598036065175728,0.04261187080022322,0.018426013773746863,0.031005228612150937,0.011288907619883215,0.02251528895084154
2017-04-30,0.002645465846344619,0.00551790279430131,0.007675479000212038,0.013385056153456754,0.026470775644951594,0.010933066886546827,0.00866199197567652,-0.016208150885873684,0.018043426427422737,0.005503968413992588,0.016826139608141055,-0.0018846783607421314,0.004627078600248913,0.013368635252023697,-0.001415475781436748,0.0034884219223314528,-0.01455842260191853,0.022677550347665276,0.004906782423440781,0.00843930224128231,0.013670086446431196,0.02177642892377829,0.0058601242244067375,0.01070300813777525,0.0201146946601527,-0.014736835363083678,0.018275115125763408
2017-05-31,0.039613533417660385,0.04999521609494462,0.04728861294727693,0.037632125433931574,0.038757254982053624,0.049586218658973946,0.031296905968623,0.05122860728828149,0.032634022130578755,0.042846320228913326,0.04285561455224496,0.06054454325754999,0.044248470229383274,0.05531103237343582,0.04233685450688651,0.04112540145581556,0.03921097461088019,0.029897327118482364,0.04218147672070316,0.04424242831599923,0.04058157615915681,0.04755825545557779,0.05754860199871081,0.05191465413944729,0.035741429168081984,0.06356634815201723,0.02853835856981135
2017-06-30,-0.028182116649550726,-0.04305351249284184,-0.03264556353893644,-0.03617810942561395,-0.028797014141514476,-0.02892097864968768,-0.03403839290260502,-0.02401404145959707,-0.019800868564591068,-0.027882219143075204,-0.04612778711397503,-0.052165864858678024,-0.04824968472030955,-0.03394237804433997,-0.034321200142196195,-0.0026134095640911736,-0.02799138130628287,-0.039956559428714566,-0.02313819344247281,-0.026678010870833546,-0.01692875729686749,-0.02521526718627709,-0.020924252546399846,-0.028831820458775526,-0.017503166633341394,-0.02055207468914,-0.001063727604231346
2017-07-31,0.007014644197465447,0.010373688022494054,0.0012940433737076429,0.02173229264747545,0.011328495479763223,-0.005526368833165263,0.017035003840813134,0.0074089178162206615,-0.005016835155055688,0.007245965074659688,0.0002204115354784708,-0.0013630754402765843,0.004066897299530803,-0.0011378650549567215,0.0019283360779343006,0.0012232203652144946,0.02021314606046376,-0.027089975681460987,0.014202342906315835,0.008056109042309245,0.011854092902431113,0.027898727950992352,0.002383367266989511,0.005485176390245261,-0.01441425192669965,0.004558717476596641,0.005816122212138675
2017-08-31,0.013358097995776363,0.019093112766144227,0.030298834154162124,0.02881590559569913,0.013887973785984942,0.016498686165618004,0.006784779122288587,0.01637020764228092,0.025742004311551936,0.002255048819434613,0.027605578196442826,-0.0034208063803984334,0.026651166689813266,0.009979648982501477,0.008354780434841613,-0.016123933301511628,0.011372743243285077,0.002327160644571835,0.020345807633348256,0.031081890695215053,0.02423929480125664,0.04566937665880988,0.008979801141417942,0.01975044287648764,0.03212348510150309,0.016803360436171477,0.021136475477577354
2017-09-30,-0.011462666122355802,-0.010853152831810431,-0.030025241401956726,-0.019731258207311253,-0.021618678450588624,-0.02903166877221397,-0.02148000676731554,-0.005931667811610253,-0.03129310951519104,-0.02104269784324153,0.001972781005639357,-0.014891693426736463,-0.00011226336396052972,0.001873254005568814,-0.02387408772456967,-0.01729579759422939,-0.0012931790813534016,-0.031302576450177755,-0.017986433281320213,-0.02375239117451311,-0.022987201676537006,-0.0420695068751642,0.0030665548445150126,-0.0265792599482092,-0.011649191207154463,-0.012295854722070176,-0.00852944681188128
2017-10-31,0.01348871010245034,0.015088708651824545,0.029200594389831913,0.028858516139134593,0.0304827440914186,0.028349205352546925,0.012941914033514301,0.01771134309232747,0.038512527398806506,0.013235934686797401,0.015788676800257084,0.027074064145045984,0.01851957220285061,0.014910316358187403,0.025484640162142247,-0.004786695223411019,0.006423860560074823,0.01569006378881377,0.016089349011397802,0.013479164969617097,0.049699768644722475,0.01775863487307916,0.01583640101010797,0.035318042034383046,0.03707923536412139,0.01383803165182651,0.042410049014096396
2017-11-30,-0.024215601572669776,-0.01689607758143674,-0.021343289272029775,-0.028449393633568354,-0.024147267562852126,-0.022148464191023898,-0.028033345223929085,-0.016937299629357083,-0.013858424208092135,-0.026986941568240552,-0.014160370265468236,-0.035710685763800765,-0.01410180333568356,-0.01361421143169006,-0.024118894438424743,-0.022928703301930753,-0.025378369594388883,-0.004399292246606845,-0.019844687713843512,-0.019071920355868466,-0.03612306717228464,-0.011248908010100034,-0.028874870998739643,-0.034675119245167974,-0.02738351257806948,-0.016091729683536782,-0.021057648298260734
2017-12-31,0.04316733751998991,0.03119825574657087,0.03685301082273429,0.03882787438373003,0.027992797244217993,0.03543193670973599,0.03799533005637534,0.04661509693690036,0.03533830770588997,0.045753151331429764,0.03117198410308908,0.0423685432505998,0.025602300630832575,0.035316408611239414,0.03537752159523255,0.05272034240688184,0.05311694212717866,0.037465649799620415,0.050555955216331494,0.04018110107235495,0.03803938563864784,0.03659328794452921,0.04296294101649356,0.04149786228304153,0.027364368640494074,0.05226775717547172,0.04113140269956128
2018-01-31,-0.01315277840642426,-0.027129806711290505,-0.029415845106941618,-0.01281414534213876,-0.020560045557582285,-0.023530106807392426,-0.00917545394002961,-0.02066640186149926,-0.02830526932917754,-0.024624058120647607,-0.016959852030039135,-0.011451368389887362,-0.0015745629334058542,-0.010416269901233677,-0.01660516494047648,-0.030243563071302715,-0.000348445261366237,0.007928589887631787,-0.015933028549970696,-0.017259565458845993,-0.04114089328919124,-0.030024760585928623,-0.007921644995537602,-0.024687162898190063,-0.03217960187657809,-0.019632095494987012,-0.04452110719580826
2018-02-28,-0.023738539635808076,-0.02247602711249519,-0.027438767041013556,-0.02007513049548293,-0.0008846326650223668,-0.02134134618066863,-0.02234905060840875,-0.03065846585057952,-0.02557820854535975,-0.0300047604485707,-0.023333055098726962,-0.034173449221510555,-0.01784773957874186,-0.025511112398281854,-0.03725332407725179,-0.047022584030986136,-0.03489701130719958,-0.026424968328385146,-0.027416547778886913,-0.013143989624331942,-0.029447015032198487,-0.016327386699897306,-0.01474852203775634,-0.025740164317452408,-0.009128080229634628,-0.03385931970864764,-0.011018921637074852
2018-03-31,-0.014943588626480375,-0.023784169060119376,-0.020983727895655058,-0.03149623621372932,-0.04046945511862854,-0.03391286575563668,-0.032031448913872884,-0.021139268118069876,-0.03837689434575897,-0.008095670854917913,-0.03414897007384443,-0.027810496949939423,-0.03204507128684342,-0.03971067753922597,-0.026601123295482143,-0.04405492705086356,-0.012597524845943675,-0.06269528267867763,-0.015846157490098545,-0.018958531614914897,-0.02289847236341036,-0.029523439581418787,-0.047009722784993935,-0.024942460739686645,-0.049269451019366195,-0.01957585976805276,-0.037461037736916225
2018-04-30,0.06659411125630177,0.08091070314367732,0.06128758973244963,0.07197246818087066,0.06602526732114211,0.06825358590428277,0.06383060907559712,0.06759419402533817,0.05595249202781827,0.058282077066479365,0.08611938761898319,0.0733032506393334,0.07481953927255036,0.07541340512574823,0.06770825286518556,0.06705486681788053,0.06040972594938365,0.06313008713037838,0.06809148442211144,0.07448195369688593,0.07203309857382911,0.09176385890727468,0.06141347312050005,0.07045798665498793,0.07655247292189848,0.07407192809731789,0.04893992367068334
2018-05-31,0.030321926429800916,0.03600421744143234,0.045770161860905434,0.06273940013179558,0.0436550253327852,0.047615665871983515,0.041490932452012075,0.022755668067453882,0.06830124870459175,0.02979215945068492,0.03018295528660797,0.05027537645145985,0.04229661913662808,0.033313435188234264,0.04956516145981138,0.028653499485601808,0.015983948475587928,0.06214066253449402,0.0320345585407773,0.028855513154143253,0.058781625493181,0.04156318902891343,0.058187824325669935,0.04838025729172357,0.047609542127025506,0.031377815346677274,0.07207672975786727
2018-06-30,-0.0005111933722592443,-0.007979751092033527,-0.017126405453216198,-0.018145949738442302,-0.01933704641777212,-0.013979885682709248,-0.03182246645269304,0.0005617302445959371,-0.0240981746484753,0.011824984822020879,-0.006253384081382096,-0.011206625883301347,-0.01715184213599119,-0.02406490185707244,-0.014013297660833146,-0.0018599132200464163,0.0010453818087718947,-0.01497468099295407,0.0037639137254965593,-0.004868738114924276,-0.011861860299413274,-0.008145849196328658,-0.0281746006410879,-0.015437759449222432,-0.00544589946807994,0.0011373265210830041,-0.004472532396209594
2018-07-31,0.0050732782489602,0.008440242901938122,0.018074019267260377,0.006289829846840123,0.01831101026207005,0.012346285836682735,0.020991699907282113,0.017242977546852556,0.013994166918117834,0.004447385372255974,0.005966383926101049,0.006996353692321655,0.005753053604864,0.024038365262360806,0.005339558023628621,0.005397181619998914,0.012522002681653932,0.010394948647578062,0.004577831448015601,0.0162184785300854,0.01938124070419267,0.02307461545641587,0.020911382620915075,0.013007881445823433,0.02135466314199408,0.017608422760917675,0.01054219926307809
2018-08-31,-0.023525347795589457,-0.0208774963400582,-0.011619611221345916,-0.014647534050717503,-0.008319030096684443,-0.01918966973650904,-0.00944827715006391,-0.032068677720029304,-0.01923300214070689,-0.031120630363602353,-0.020504713042681755,-0.0024645047348725857,-0.01070051281950446,-0.005297957540093323,-0.01829014826178932,-0.0072239960062033814,-0.03595552095203147,-0.01464907156375439,-0.021893969906340516,-0.017657380839592673,-0.010653658713963177,-0.015595487729267221,0.017577784738161073,-0.00956914632449124,-0.036154427773438025,-0.035771200681341764,-0.009962124038274012
2018-09-30,0.00907969862882152,-0.008421809894480159,-0.00197415935955636,0.011361464824072742,-0.0027581465748995893,0.004498611334370128,-0.0022782540252758166,0.01406491217765038,-0.00281319788321166,0.012666257193978847,-0.010430941606667687,0.0004878790772149255,0.0007875476636081125,-0.00985663950500959,0.0038600813243838683,-0.00805472468021562,0.0039025014913958156,-0.01986825463068731,0.007159569555452494,0.0012689999396739982,0.008766936028939742,0.009080291458710255,0.00333531863585379,0.005171801094717932,0.024984220139710134,0.020736810716215803,-0.011308196029778061
2018-10-31,-0.0482085373033494,-0.042782466367917826,-0.05995294448875199,-0.06871163758842236,-0.04832655513809325,-0.06600731272482885,-0.04739851093329084,-0.04530564518847913,-0.06292193862330286,-0.04487531665191702,-0.047555240745456584,-0.06449172283485727,-0.052410785081693056,-0.06680418213065886,-0.06819538582704543,-0.06177575894785625,-0.02906542110571564,-0.04081777997404645,-0.044941891724495364,-0.04834324484627095,-0.07659205004544645,-0.03482313499896028,-0.078329628326273,-0.06768557258032981,-0.07705740581658271,-0.04376303719962393,-0.06094106754067852
2018-11-30,-0.006142450268910138,0.003983984497523796,0.012956349404432022,0.007102345701503587,0.013613705529445408,0.006600760763294522,0.004850841942003248,-0.0019251347927061735,0.013703648144478331,-0.007858027333365714,0.013782766190049589,0.006974838885242196,-0.021316466050288363,-0.009340623740280773,0.009760839817337441,0.02378180777307315,-0.01108454973612949,0.012099166972642683,-0.009679536957188817,0.007847489389801066,-0.010994137792354364,-0.014135849374774856,0.017420925364111772,-0.01026033929435688,0.0030518222561564112,-0.013086643099695539,-0.015226387305318556
2018-12-31,-0.038580331811704394,-0.05418300554043476,-0.033160057761491,-0.03742788438098554,-0.04246407611553038,-0.029567697795790493,-0.03238939257341078,-0.037122998460926926,-0.028573124445714693,-0.0481626252854197,-0.0506320373589515,-0.030728374308656825,-0.0466588178983699,-0.06732313844141613,-0.018661282315705074,-0.052014069577922095,-0.03060065508386489,-0.02189271015937011,-0.027617712219993207,-0.05313691165248191,-0.03806060965845037,-0.03228621576942903,-0.052504260237724476,-0.027584768692624162,-0.038399488606261634,-0.03125356978740523,-0.02997203074265975
2019-01-31,0.054376869547447804,0.062315469517028266,0.03592107568970149,0.04339373407635727,0.04264235281351003,0.03962970072927452,0.04893550246794853,0.03107240670768574,0.0363457103734417,0.059872349810096814,0.05281770474297809,0.0073864417032443175,0.04269663806261992,0.061549103700921926,0.026900741665174754,0.05196604813227279,0.033113105234879425,0.03741653199671102,0.05949370401212195,0.055488492539609746,0.04725436993877685,0.05325519674042489,0.03544759936955555,0.041306937717804804,0.06023949137031348,0.04289808391779948,0.04707274401934591
2019-02-28,0.015893969227912752,0.017446291207017683,0.02618664327388287,0.019956540222735963,0.0050792326454007775,0.02228923586846987,0.015255572709879761,0.02385819802137168,0.02141022930579739,0.01398357884321233,0.0025679730402778933,0.032441197343254125,0.017248973012643942,0.03867325659690812,0.027226420375304983,0.01258183420720238,0.02201179851381041,0.007769056370297012,0.015590535322802301,0.022457314601860734,0.021794303279811134,0.016570843688111125,0.03382685607990421,0.022449136743613485,0.03669453304492043,0.017739566225859482,0.030818166074429776
2019-03-31,0.014182884068369761,0.017086536583149403,0.026754078341100218,0.02234019516026864,0.02118395208486512,0.02584314546271549,0.012099227149863223,0.03188314185853813,0.02477148491354031,0.01730628729559891,0.010982176185570625,0.05336415093295588,0.028595390339362092,0.010002282769464799,0.02203593174292351,0.007357688115552374,0.0469073966989062,0.03704062138498343,0.025479796910002905,0.01928940581756522,0.04520370308620114,0.015055151292009405,0.028661733351307728,0.03291218195393819,0.018102891206483784,0.03360910982337306,0.049890941273678546
2019-04-30,0.026955836120257537,0.02206947886183297,0.021982028871824433,0.015277115323391488,0.015448890258072057,0.02422132963839374,0.019027565975159977,0.015803681418456783,0.0233051930605801,0.02505875966851745,0.03606251153052242,0.018136956040388563,0.01954448289626476,-0.006170419654281667,0.0407016154742581,0.03522437683210278,0.012023621486996428,0.034651366815604545,0.02290540830829424,0.013830112546996176,0.03034317578650425,0.022110701266429444,0.029955357222517742,0.021905321845761216,0.015322950883285946,0.021503263386301263,0.02111073766906535
2019-05-31,-0.04293961839195992,-0.054494792255754265,-0.01682098546454258,-0.020890409336513316,-0.0256237945231792,-0.01867027842557112,-0.031006268408214077,-0.021502962175978246,-0.026497690621812175,-0.03845901709917632,-0.045477968052355267,0.00687688377176765,-0.018639114006890112,-0.03920821086813453,-0.0207363939953632,-0.03896360097455176,-0.04106738062333459,-0.0032264751336780195,-0.035528873841337516,-0.03854144301022999,-0.006508453654514246,-0.04321173471228856,0.004622172125354762,-0.0016401897444879854,0.00020717859784236126,-0.02216322701518547,-0.00017650683191605676
2019-06-30,0.0367950595236497,0.03011093544491561,0.06150137102916209,0.05147750404977236,0.056931238617039304,0.06455427210420894,0.06031422960216681,0.03597508083194989,0.07683126536158169,0.03553262375547983,0.009984346461759053,0.04768729654579995,0.053557657544893944,0.08056537536468511,0.04443851410248123,0.04070177910687023,0.03531586995039948,0.03828674453126446,0.03786134746347147,0.03554330171310505,0.053393503536012465,0.05266333784374888,0.052894853914140505,0.05620887290564003,0.049023242667351585,0.04651374757765847,0.04996956174266587
2019-07-31,0.012507584895353308,0.027530411594202775,0.017745413254703024,0.000683074561578012,0.011791293766681976,0.01997787957861119,0.01137728051923248,0.021232730555566626,0.009782558616786785,0.009276708980541448,0.023669831186931667,0.007646516043045004,0.003594879493241665,0.007428075024883629,0.012142386237531833,0.00785648552781626,0.017492295317973028,0.0018926318572809464,0.004640039111535987,0.0238348253480698,0.010631131925115334,0.00933919495967217,0.0027164820791347744,0.024902478866706268,0.03915771990818251,0.015246450052825766,0.005666701573971089
2019-08-31,-0.0426144702775042,-0.025523442073212554,-0.03209993050893789,-0.021419949129090732,-0.03576494970531874,-0.03849007199043908,-0.030622898419832012,-0.04121513831515533,-0.03230567490107872,-0.03328925923941073,-0.052956168838521056,-0.03235652076513229,-0.04345574505545435,-0.05072977905686138,-0.046641342818148246,-0.03731047308200153,-0.04566294457824349,-0.0438698847727893,-0.027197065165153522,-0.00021589170180380535,-0.006368347744562297,-0.009039365823991785,-0.014434599595566255,-0.01859333416571618,-0.008134935171814406,-0.031780080270812694,-0.016991639823444094
2019-09-30,0.03684014552840553,0.02630158150918316,0.01176018117425559,0.018535084135179902,0.013408011399117736,0.014759632768650999,0.009810722613608602,0.02987313195585295,0.015385489933258611,0.03608572613105121,0.03542471517557466,0.00949098288039063,0.027719878194570224,0.016513893131821167,0.01791531095265997,0.018182692248593035,0.04556779345370532,0.008786420125799443,0.025476755761440373,0.01842996392430174,0.02857061988945042,0.010077716358196431,-0.01378577940694481,0.02018385353104546,0.027506968918813213,0.018754996331082463,0.020414382374137396
2019-10-31,-0.00665591587270975,-0.003506258412056096,-0.027783617311416875,-0.013398439394517014,-0.032163969626339606,-0.027356322122102816,-0.008479530634889154,-0.021697222970258112,-0.02625158123644522,-0.0020816135903849453,0.003890058955895448,-0.03195951690903487,-0.004523621194228222,-0.0035545598893441666,-0.023871075527682528,-0.019096162559206764,-0.033997076868186316,-0.012004667579481598,-0.002855185545547201,-0.01316203675392269,-0.030919467377304333,-0.005332196608432094,-0.0063093108362094474,-0.027874843330116028,-0.0442766411524097,-0.01693291606647529,-0.02943060961699695
2019-11-30,0.02420247466348502,0.02607645034443462,0.027658477219232314,0.021493552589219922,0.023501069321475443,0.022779829267253193,0.013442186716619675,0.0154706571169132,0.029184794880619425,0.01848299683527288,0.026432279163745243,0.03450854823758909,0.019817424156726382,0.016263409417555552,0.015555834633915078,0.007480786300652298,0.01688014102115165,0.016483674388698466,0.01804258537542691,0.020777060281588877,0.01246802324764662,0.014882136759094111,0.013566250950543868,0.020924170779781148,0.02579089803426271,0.01294447605815896,0.010498298423618824
2019-12-31,0.03562748475690114,0.05460237552888558,0.020167282168453537,0.03073328954052168,0.019548238900395143,0.021037061606234975,0.021029510423471676,0.024302253541048868,0.015834308894598026,0.04397335031299643,0.04578000990322906,-0.0037356543631498207,0.03182198355235499,-0.002456957181591224,0.018940558225218673,0.0335699161443328,0.03761396291953445,-0.0007396410682271037,0.038913804916686834,0.05063563595058951,0.05757797189725622,0.05209841793061143,0.07135475545240233,0.02687905712652139,0.08825312627306547,0.028705921303935567,0.05670639198626426
2020-01-31,-0.03803100318502173,-0.033559081936999746,-0.013417271833760736,-0.020771691867232378,-0.019792142014757874,-0.015532795762526308,-0.01667030318996454,-0.035696277694793443,-0.02149580991228006,-0.047378987135716644,-0.04143632079425319,-0.027363536738249428,-0.04130677550789341,-0.032078894937315416,-0.03463834647197084,-0.01923763293308367,-0.04401655372419089,-0.013931388655040622,-0.0252850117815393,-0.026237617812825742,-0.005387779961666395,-0.022930468136235116,-0.011792769756277743,-0.010423888643962598,-0.011619648760310852,-0.03973938998912152,-0.009189408844605618
2020-02-29,-0.08683601424833098,-0.0770118679554832,-0.07219580586733532,-0.0785011290133466,-0.07071364708099626,-0.08085163673920526,-0.05711034638163193,-0.09370269249353247,-0.0794263168243502,-0.09095299570170234,-0.08187266818474204,-0.08543172035314106,-0.06989564948880467,-0.07276816417141119,-0.08170955519903955,-0.07770443750058076,-0.09476804698618324,-0.07995162515297771,-0.08471969963790127,-0.07112945500568923,-0.06447774840195364,-0.06763617227151408,-0.07182578397700612,-0.06672939578682957,-0.04636647215077572,-0.09484933585691668,-0.05402660102232304
2020-03-31,-0.16178336168530438,-0.17127610484793865,-0.11942454833870675,-0.09341098974293682,-0.070463393332863,-0.12338767322347088,-0.09924622677956718,-0.1178448726466742,-0.10340539953460193,-0.16189429293547963,-0.16509086154925945,-0.08911001937407337,-0.11863220123191565,-0.0957467778879817,-0.1254819844378694,-0.0944388092773103,-0.14095545710403679,-0.08534695978009443,-0.15605152939112288,-0.1385904688240952,-0.06325389647558721,-0.07988041482452257,-0.03072794828380465,-0.0948411518804777,-0.039178598152162514,-0.09455282500799655,-0.050926793825780026
2020-04-30,0.03554816005787931,0.04366471188859422,0.07932295157539637,0.03788095025999216,0.057491009788264824,0.0776792894312417,0.07801486871799757,0.02840163694082376,0.09218733924863232,0.045924469606362095,0.03430267089548189,0.06981876924437236,0.03307392125192132,0.03712097093977107,0.06565794191866847,0.11138422976896822,0.022628700356419618,0.05996823482055458,0.0418162790060177,0.049783753234256434,0.06708945140242184,0.050138163408756764,0.06729350403113532,0.07151231245149003,0.042712432129889955,0.03626878340375539,0.06517751121827509
2020-05-31,0.03259364835799228,0.043223722280385735,0.08731391915014441,0.04511949600714882,0.06087845126968716,0.08781042700841524,0.07046196571632946,0.015168158068433968,0.10619352252292646,0.028284945894934355,0.002943563689584261,0.053885942957149435,0.04859989553675792,0.06936526024329304,0.06975107908632605,0.03881348775332771,0.016859717436577437,0.06937320767111932,0.03662411724789383,0.01982099055421105,0.08375668206949571,0.0578930019872006,0.060517271424665786,0.11020487825367709,0.06656684451692385,0.02669221986989001,0.08229146357745343
2020-06-30,0.027646499799136137,0.01235262446899088,0.007084955546321048,0.03167870389230654,0.022340464462733856,0.01010316020546842,0.004723143588251988,0.019627570509672232,-0.004929625857474695,0.0304360926155387,0.043941762928102035,-0.01862596376511949,0.03265719362565167,0.04888620953110978,0.012429504192631002,0.024618894607980613,0.021733909375515115,0.006111300524132002,0.035245005501144844,0.033977080085423994,0.005549321921525019,0.031515476940690235,-0.0035176897738470325,-0.001342244225818634,0.027775776321468992,0.009015845583361104,0.022167619426640695
2020-07-31,-0.02512662886035577,-0.016082093885414817,0.008155568273572111,-0.014067153369571206,0.003746008454723171,0.0044400617476889614,-0.009006540865358681,-0.04968706098524922,0.010354378882121429,-0.03587593212301432,-0.026296925044605013,0.019566985666529257,-0.018724213077272456,-0.01617222415366426,-0.0033378876243240763,-0.04467583681863696,-0.061486690734325444,0.005216223829667133,-0.01239532769905416,0.02761721794620442,0.004295302642935983,-0.008290029180686442,0.009639021889018107,0.0022021584089735313,0.004282865390642598,-0.02641807394365181,0.003965792182475392
2020-08-31,0.032850397362007344,0.011340992763499314,0.02108932214133752,0.004100566480865098,0.011249503155639662,0.022167444274243664,0.026225151839575078,0.008349799003272373,0.021333840302371287,0.029655212129070962,0.012844342845682366,0.007291529690152787,0.00219388571305279,0.026294630263021146,0.02197699557356869,0.06384415769872653,0.013156977585440766,0.004213107809531547,0.03407809749081592,0.02359154826954013,0.023706613446579095,0.013778216060916781,-0.019299837097740413,0.04599212241544426,0.031226983559261345,0.012715244517787605,0.04504508977058874
2020-09-30,-0.020079772711086297,-0.0135053737719113,0.011149023194508167,0.006389729354201457,0.010592926195417851,0.004685142462312886,0.013792489456797341,-0.01804474496794739,0.009025370782868247,-0.013203049080973694,-0.004180650000906727,0.02518006665693928,-0.007418932650518961,0.008750368483303461,-0.004846227996384567,-0.030836047379884324,-0.02755554497677548,0.01881885688345397,-0.017436800449218692,-0.013444051787797062,0.009905273075940135,-0.0010938979019236017,0.01725461223537228,0.013190360307984372,0.008612668577723914,-0.001320875351875861,0.013467523138503301
2020-10-31,-0.03857994948618215,-0.03015679725153919,-0.06588216849226425,-0.03717131434957721,-0.06009652893049633,-0.052464738159328284,-0.0558898452233908,-0.05131995338266193,-0.04675344539913728,-0.049427923414367525,-0.03330603651150266,-0.05205684203791683,-0.032676931345439586,-0.04258756545552289,-0.04876379114588936,-0.023490643502681707,-0.03761042186699992,-0.05672428620123615,-0.04700150700718586,-0.06129609596342911,-0.03950768117623227,-0.03747479789832564,-0.059530751456337905,-0.06504461208894086,-0.06208451591337283,-0.055040768886893576,-0.06718285116692857
2020-11-30,0.1455816738753546,0.12169218472194165,0.08553934248915707,0.1131099611347346,0.06558665056035684,0.08783622624529008,0.04852042770133713,0.12902585645775932,0.05059729523207346,0.1468366497445388,0.10913447960969913,0.12201438180484847,0.1094506282806349,0.07755179973338078,0.11925021558367455,0.10798049747971517,0.15187681019428,0.1183591804165709,0.12836675910671258,0.05388679768516513,0.051794073634457316,0.06665363700538718,0.0632194600898941,0.06141938652923273,-0.007720636858226104,0.10795268876508413,0.011931053336741604
2020-12-31,0.037907062571148176,0.04012635527173236,0.03232561181553306,0.03064974796750608,0.022728710854762024,0.03267991984644003,0.05725247759425689,0.031127977014706154,0.027885381087729755,0.03238668410691581,0.02445566923990916,0.03040027024719083,0.02907163795176393,0.019237800413598016,0.04972891845437055,-0.006362802342002372,0.03720607351795757,0.034902437688383525,0.041456469351245806,0.03841482496713855,0.04325688802002614,0.04550409871143479,0.006142903739115635,0.0520041402359015,0.09275925445159872,0.024542845898710253,0.06823560224030145
2021-01-31,-0.008166602659871347,-0.012762835796949035,0.005387162607670248,0.020570797611550562,0.008930548444672448,0.007089201517554322,-0.008760767306781103,-0.008862865660773878,0.007759566569472964,8.407133025811753e-05,0.0025126211253023722,-8.801998073826311e-05,0.01537500223082855,0.004942727853857187,-0.004315261746442478,-0.0015473852729788184,-0.0070792269192548885,-0.013494707953806251,-0.00535863954605309,-0.004359291476186522,0.005810524786054261,0.013820350184727603,0.01454591665355398,0.0029206961325842773,-0.014273171280549835,-0.01317575710329899,0.00745792180302729
2021-02-28,0.022987355340158055,-0.0364636649397827,-0.025867368570541727,-0.04573879238271006,-0.05029912899124134,-0.018935264776063665,-0.015877947829451955,0.03293236065534355,-0.004227101592998439,0.015094907040414718,-0.050536190530898084,-0.0357226339655724,-0.036812450427989196,-0.06135198880434567,-0.02860699086542917,-0.04097627333123344,0.021553580393050886,-0.022329069004839552,0.019123211906788118,0.0007307995129879341,0.023614320132649746,-0.019308298054952377,0.012611685088488311,0.011370285612474662,0.030263041488639564,0.018380984159033664,0.046093957372237426
2021-03-31,0.05318831139845748,0.05741392283342783,0.028710357491855687,0.03618655045174135,0.026055490790414026,0.02800747558835348,-0.03954259181629205,0.0388513985008101,0.02416276891776792,0.05007694489120085,0.07301742133564293,0.011233014264831365,0.018366076966966238,0.0691729897204807,0.008068955321738125,-0.02418221309941293,0.055091747956059534,0.021495047755336172,0.050217527102487614,0.006519058328456451,-0.053167756400391064,0.01190322871622218,-0.03426838809694421,-0.05548508792883977,-0.11828488086961697,0.03590448392575207,-0.1029281542044388
2021-04-30,0.036617537312109594,0.03724640213002539,0.046257627168223125,0.045539873942651354,0.05636347651789597,0.04849166064014665,0.05741814897256381,0.03903496159777364,0.04642488252816834,0.03881506385794187,0.027508802158470402,0.05768281828521715,0.04654624302473276,0.04899213045954309,0.06778250793209173,0.071404531551301,0.02965627076279076,0.058938911339879274,0.03741946616940961,0.03870006960402361,0.04615378771446421,0.04597039875867526,0.05234394064114345,0.05769008076341908,0.06243123759942093,0.045882013221833606,0.06782845067522092
2021-05-31,0.009052203104451095,0.018490977572992007,0.009925546387905104,0.020570302123904316,0.025441193142741625,0.004955767871029471,0.01828075173558119,0.01362908037060473,0.015924413658984005,0.011796948918497918,0.02877959270910746,0.016144488300427584,0.03223542462285489,0.02404599452749845,0.026735561232712035,0.023091503385534562,0.012156884811995727,0.0050467661270952036,0.012111785738935898,0.00800053251860633,0.0011281872542239224,0.012434397118263663,0.010800644682172011,0.009083778387832586,0.016643835183506095,0.01603158326620946,0.002563595877274949
2021-06-30,0.005315743786581839,0.04195888040621387,0.02282653897663267,0.033526000168008885,0.04561361913437856,0.026869826675684605,0.04510552663066747,-0.0018622311233408295,0.01763218508873643,0.010235905044339022,0.05018280171611522,-0.0026170575481784253,0.0240140314690922,0.022190764643844396,0.0052977086674435014,0.022492567805498576,-0.0002822462134325354,0.016666818149694507,1.3189864003670948e-05,0.05342596411450007,0.0492611691164504,0.05546857018187157,0.02216524981548984,0.04015226206601086,0.03858483995356332,0.005789979821147595,0.046897707254018206
2021-07-31,0.005525105384018847,0.0022571541634472947,0.01949393145629741,0.01855444386041971,0.0010953085697675835,0.02237167087823977,0.006956195925200692,0.0019653597147857305,0.04305449903919789,0.008133810124826946,0.01772264556442371,0.042820969771767636,0.021639680811204265,0.00024885477266978207,0.021432647442376274,0.01557891689907187,-0.0007966146160083287,0.03662775707647947,0.009272101544610667,0.015217899686090552,0.04964599470882258,0.022068809864733918,0.03844261192623133,0.015551676702630246,0.08347519297496198,-0.005934452164435,0.035160878934626494
2021-08-31,0.021309161279725375,0.035553981824937075,0.03793271755029859,0.031175149601638363,0.014169748193598064,0.02995139282799042,0.020670100466220864,0.01681645308575397,0.024140253100349396,0.009198151686697464,0.02410566793410629,0.006904582669583936,0.028678518683081133,0.005851524913180084,0.025669245132528662,0.018106289271247133,0.016999059837312203,0.012227472823603813,0.021074368254010212,0.023093199350868954,0.030660267072307734,0.027696446835265398,0.034290149384895496,0.0246822066780803,0.05128879771095218,0.019360355474155266,0.03741586588004786
2021-09-30,-0.0062128329618801326,-0.026489724694700567,-0.036164231035857974,-0.03876322919642894,-0.011531943578020676,-0.04398851959215777,-0.014109030193252603,0.002262187025025897,-0.04720348764345228,-0.005565884369348684,-0.022083588903101692,-0.04512512138941427,-0.030792403251708178,-0.04877816112540967,-0.046221912760442185,-0.06378207686475323,0.0019469525092243867,-0.06610888122413139,-0.019355363278037552,-0.030841538098206778,-0.05363190714117505,-0.0199438562380847,-0.04492236604565414,-0.019866723062230918,-0.04565689539324813,-0.0013224894621020056,-0.037524284309730205
2021-10-31,0.01010363910078782,0.01826875212553669,0.0075961636768244745,0.002490119852307293,0.023740941338662447,0.016177508402095198,0.006704822795843723,0.024488515068285643,0.014209884722846455,0.010965184079593016,0.010070586718810892,0.01904971793799448,0.004045659694234649,-0.005969508092836584,0.02627635539554607,-0.019365160219269373,0.023507158287425556,0.022451859028892684,0.018698254940333836,0.022469553074762727,0.030808908901349463,0.0073261832247053515,-0.002806021541218451,0.024327982907094592,-0.01641229748354367,0.026055661203812752,0.035918219432444776
2021-11-30,-0.016376708118060135,0.009687502009251059,-0.018704025901167265,-0.0038624849499725444,-0.021732225541164496,-0.014291903391087546,-0.019605124282744524,-0.020114128422925925,-0.03350937634141993,-0.011811261465084044,-0.0009287199792874512,-0.029319311930760983,-0.02444658926310994,0.0322055838264006,-0.019600554584458085,-0.022091763562207323,-0.0286120102645252,-0.034044451310925594,-0.0147615324915491,0.003284122139982637,-0.004799719298161698,-0.009258405059782704,-0.030212875677274598,0.009648341622546353,-0.027063784758063925,-0.027500577327066233,0.0031478148811345807
2021-12-31,0.04949845459097335,0.0420802785588299,0.05656168446545129,0.05231952660701911,0.028644522781880788,0.049531587762749796,0.03792210089902537,0.04804427906904363,0.05355098442788875,0.045937568985650046,0.03304655950661206,0.056558477740549895,0.05067160883667543,0.04890720888132294,0.047828875599447596,0.0331100805726674,0.05196878627713586,0.05788366848319226,0.04326481178298258,0.04407151214573091,0.030233890824379106,0.007947012537712794,0.037553503895249696,0.027961700658365007,0.06000566762581938,0.053143260907873247,0.023614220331038327
2022-01-31,0.007910222834518699,3.692527324128392e-05,-0.04456252419631501,-0.009073441136138616,-0.016070800779895755,-0.040799089042610315,-0.04253776862345193,0.029886724168190604,-0.04110451128102899,0.007908193756629212,0.0029459523165373813,-0.02421996619948985,0.01609941313798413,-0.016321612031870214,-0.03668460385153316,-0.03242689536629584,0.050412525639492944,-0.037349544090825915,-0.0040413950412000466,-0.013542047199692653,-0.05471888624034371,-0.025345043640922937,-0.014374949517696356,-0.05167610402904099,-0.03381041494787396,0.02047659842195082,-0.0705609549254228
2022-02-28,-0.0014067598313083352,0.02235636211784331,0.02293161385998088,0.009159212979291897,0.03513550806249577,0.01210425032817164,0.025767244618731144,0.010338629670653798,-0.008798452977707538,-0.007062989179132173,0.013001143574247864,-0.014114301538642904,-0.009921651817034971,0.0011152862026444499,0.0017917123200912322,0.03250891350996654,0.007126679513755674,-0.017900601811185135,-0.004205246704992893,0.041134707829062256,0.042861128311272756,0.00893407854406103,0.02225441600918998,0.022385539400137988,-0.011136624655902372,0.01760329010885342,-0.005839882917977657
2022-03-31,-0.008735602810345244,0.019791706397141784,0.012970093418588569,0.036347367852931134,0.028674017049422185,0.032430135786557734,0.033499613981524234,0.021497296513052655,0.02561714198429632,-0.009280752127993175,-0.011049161328872792,0.00400739946038664,0.01697960187563785,0.017288580466487735,0.01796152268856832,0.037551848056661674,0.0015779698536959597,-0.019560353961779575,-0.002308836216425192,0.019384914221707517,0.0073348787269431615,0.05790064889011437,0.019497325180390268,0.021708838002559405,0.024502363916989456,0.018510422192804743,0.05117070078677677
2022-04-30,0.002918828962743758,0.027094624555891178,0.005224503690848259,0.022332153621631656,0.01104947123205724,0.0021916081267618903,0.0015597980531598665,0.012021025949306763,-0.0069066986591834745,0.009594134686999434,0.025158128494702003,0.002967481006298067,0.023701609859087203,-0.024242125697680583,-0.004735894135700636,-0.004589641921490473,0.002686067040045037,-0.02623375635414693,0.0018645953507734347,0.016592602407708323,0.011274840785583384,0.00727712450054252,0.0272498448769376,0.0037910485312544484,0.014838971217881136,0.020096020440030227,-0.031304138028920625
2022-05-31,0.008373180364037003,-0.028199895460369495,-0.041157520924945734,-0.03197810309047899,-0.039550346104885836,-0.04323101754765435,-0.031535113952218086,0.017020138370207327,-0.05089204453451679,-0.0028693850836329915,-0.024673537728306494,-0.0337608459997939,-0.017500220800746424,-0.05311813322120151,-0.041668283841036824,-0.03750279375017607,0.019234674567776944,-0.058714085093592994,0.004319648759156136,-0.02409795297742423,-0.0449849675950279,-0.030080319569237846,-0.04118140271926862,-0.046706091196605626,-0.08041977005559153,0.00931268000786023,-0.05272680543130359
2022-06-30,-0.059961263486278615,-0.03358247293586769,-0.049829901852039504,-0.052228186427053735,-0.05940229941033992,-0.057705765546575694,-0.04517336475026679,-0.047989299014031706,-0.0586564018417578,-0.05351577081711989,-0.01709248795943119,-0.06195700256048353,-0.05150698906253337,-0.0839934603654352,-0.053177874767174615,-0.06412722790669456,-0.055779216530231324,-0.03199431427777688,-0.05451543698400385,-0.05248287473036273,-0.06048153966443681,-0.04592854110970257,-0.010180536191776723,-0.05484178976402787,-0.02070129602247195,-0.044773887522037925,-0.07651012168850146
2022-07-31,0.042052971114969084,0.04048175923847119,0.0636565801911968,0.056093674353139056,0.05636861593990394,0.07105930096498536,0.04054535997347486,0.026100805491080292,0.07001519905898035,0.04164131917340819,0.043090443307943316,0.053702257349049765,0.0636575322792785,0.11381079788092263,0.07813183006051361,0.0937344825991886,0.036625351168633635,0.09808648621446636,0.03636348505995768,0.05574345685684512,0.05561517319847886,0.06099946889055774,0.028114462744213586,0.059564320216293876,0.04782117000683028,0.028372725475582117,0.11117092203265333
2022-08-31,-0.025794435048792974,-0.010151969884818701,-0.03923014930545865,-0.022768838420937576,-0.027468410859478376,-0.04114610820775744,-0.017966139228840272,-0.011077336266395843,-0.03248106051284738,-0.034262728733998715,-0.018270270398637378,0.0028771876470041757,-0.022913391793134896,0.007672656327857297,-0.04269415502617058,-0.021287399707134114,-0.013314332364121939,-0.03266364783547615,-0.020313935323208243,-0.0079329158696958,-0.04604770662226332,-0.005319222401800938,-0.013818189390728652,-0.04068858124303243,-0.028566113878481514,-0.0037969010398171132,-0.056815085631005124
2022-09-30,-0.06220402609446707,-0.08780733445946742,-0.0782627797509492,-0.08335768359358675,-0.0897481942457855,-0.07904446487200145,-0.08803739833616475,-0.05343360605400094,-0.09049105364561971,-0.0657885092703906,-0.07731490244187211,-0.09398998639709777,-0.0892067431013952,-0.08413326814460231,-0.08801235340553937,-0.09506713258811683,-0.04810958002860388,-0.0648281353153034,-0.04530154514367368,-0.09084549494561556,-0.0781239101476463,-0.0467527595212156,-0.0733547938403667,-0.06725019996135162,-0.06647379384296537,-0.04464889802364691,-0.06110142476367009
2022-10-31,0.03767348904504275,0.0196025989910118,0.01934741360048453,0.028407687474490295,0.018950305715116356,0.02259824586937431,0.017625550207505114,0.025104142892464987,0.017226536089088862,0.030458954392340143,0.03145896116064417,0.034652751184096164,0.04668965561782423,0.029522418451891408,0.01477572200609556,0.001374724232388047,0.015319125156266766,0.024759352917168798,0.03452012482372102,0.017448995162577585,0.032671032800187794,0.030925556262505927,0.022904979898562328,0.018763746568552397,0.03655430622716871,0.030730246259770055,0.035132529042006366
2022-11-30,0.07796664806004139,0.08545794926668249,0.07904775955374399,0.08990150381474327,0.08922639896807794,0.09255299542849982,0.08444363043437808,0.0743588250187226,0.09212602774225775,0.0901266668766938,0.09002842261826549,0.09664797040135986,0.0564929576055182,0.0682388146493873,0.09276451432656141,0.06933877895569607,0.06992247836619381,0.05851965094613898,0.07380973332654595,0.06969144746647116,0.08591471045468091,0.08204792895143864,0.08787925279910769,0.08643012526820137,0.07104159399673926,0.0666453538358951,0.09823400674965366
2022-12-31,-0.005724342628621648,-0.009750086875898067,-0.00157003073313855,-0.012692558664348597,-0.008215101489480348,-0.007542472833568792,-0.012781885549272731,-0.008867765947560224,-0.005152312322205588,-0.012796490409055838,-0.013511640324214591,-0.0023196169266882505,-0.013177173003138587,0.005761157742540934,-0.006594704908448712,-0.02705813383052469,-0.006001345436404071,-0.006939777650234125,-0.005645182184286224,-0.0009817223746168002,-0.00439519817585643,-0.0021348978055543144,0.008241024108678552,0.01091732969033754,-0.01912891774306169,-0.009939389512463426,-0.010702085014255402
2023-01-31,0.07965772485452716,0.02755523319417441,0.005967313333880897,0.03569097213845107,0.003731953339141114,0.011906504425746256,0.0053647163449521695,0.042440284778055615,-0.002251030598136694,0.08284849274652561,0.024932949809532534,0.003956694862832899,0.027045077293465614,0.0023329555199091967,0.018803331153966818,0.03958388545293068,0.055882925123086125,0.003089922442049531,0.06842770960007849,0.02872961664345941,-0.00373737486955128,0.00901766972238871,-0.022268886315170988,0.01594469855128322,-0.028536673819010372,0.031554242783917275,0.016645510209555514
2023-02-28,0.015595583115777911,0.021875494272038498,0.0019652269887922014,-0.0009452973162092926,0.020166095715241195,-0.0038770495469497845,0.007566344017276627,0.018966559638139202,0.009344324126018932,0.015431803218233009,0.0179497270029918,-0.0019321374100188526,0.0016716112157426632,0.03736458193605552,-0.02088650091634392,-0.01671129415223427,0.006478948709619292,-0.0013082074634378493,0.009945858531129392,0.018042822388185442,0.01172186037758327,0.01756893958596928,0.05783444415544081,-0.01561122471652232,0.019730910674651048,0.01867747217894533,0.01586866877320081
2023-03-31,-0.022975747759254816,0.008742820322079181,0.003899631117683544,-0.0003887575824256251,-0.0033066722503596324,-0.0042616649425673,0.00796947315839458,-0.022232298663265704,0.013956646328852074,-0.018244502670648366,0.007764959560426332,0.004368197393627149,-0.004223433005947741,0.01691033889836513,-0.002554430490124826,0.012538789644866766,-0.030366969317337955,0.020757791223598998,-0.02262997093293917,-0.0033289083419979493,0.01826537453567112,-0.008330954409699776,0.026253560965621814,0.0031678021222674158,0.0326635801758699,-0.02123315104822443,0.010889388831301527
2023-04-30,0.029323818220113207,0.04331210566550858,0.03217440265447613,0.03841346892912911,0.04653195529337251,0.018093782919313295,0.03399163786977111,0.03167440430684976,0.02203028222726311,0.030283462420321428,0.05797426173680553,0.01752864461340664,0.0343957258764489,0.028611668114231437,-0.009202523059085088,0.008570067720638175,0.038770589878433404,0.02817962915716854,0.031042078356396496,0.03551303805886974,0.03286651556438458,0.05058693911485479,0.04736776775804885,0.02873910172437033,0.019831501032394616,0.03602008325709294,0.01105998643087891
2023-05-31,-0.04553713506676482,-0.04085111530759811,-0.044875926855106996,-0.03723476760886135,-0.04733250358862984,-0.04743260323564147,-0.05223778183819272,-0.05000880752278691,-0.04886072198520963,-0.051943583797977144,-0.035314943947866384,-0.060494056768177984,-0.03267887189047669,-0.06680766216102152,-0.05035714852057083,-0.05565356179479497,-0.053502474711948245,-0.033109560968076934,-0.056888889493950434,-0.021827081587222685,-0.03624009536812056,-0.025879916198214503,-0.03216196953096617,-0.04932537105624868,-0.028806603402097508,-0.05709658426500919,-0.029999842117474973
2023-06-30,0.002985547916234621,-0.011347281993894565,-0.010602713776801331,0.00439387844636685,-0.013048388494244167,-0.005229263270639439,-0.008578266158249859,0.008428649328763305,2.9376284472748537e-05,0.001872740762114633,-0.015672401492937027,0.02382228348591564,0.010554841342080401,0.01075529981376544,0.0380206894835724,0.004580599418111175,0.01326906265945138,-0.017727026019858205,0.01431220429749347,-0.01168508090841247,-0.008641738469616689,-0.016171417626858586,-0.010379251038828086,-0.004513186996318641,-0.01653921924383539,0.015881179778012733,0.014036325514476644
2023-07-31,0.03568488732562969,0.015687075298509212,0.012290286032499598,0.016799615627291598,0.01866680964463452,0.02686762743135951,0.011765357427841572,0.01564191312361718,0.015907669986219508,0.03194383434646375,0.015766824815699243,0.006943646133898973,0.008160212314802129,0.022053299545520044,0.017214508478348822,0.03081782509115194,0.026587449980899347,0.011568419314870404,0.03329151309014744,0.02435566785401022,0.020267209846498435,0.010095792169173334,0.019915198937124456,0.026056463805520957,0.008626893488383969,0.015020838343664966,0.02303151376297663
2023-08-31,-0.019109122591015493,-0.01374389416847066,-0.011602543094171858,-0.005221438227460018,-0.0064773560425887,-0.021298443100037256,-0.009638205219049123,-0.020150938646169902,-0.015611890440603293,-0.01779868884350244,-0.00482690807910513,-0.01240784541272566,-0.030595848262665704,-0.028195105882147242,-0.02836282334496132,-0.030323252161653103,-0.024664944271230116,-0.01113310963505465,-0.023234916967352914,-0.017620618441431257,-0.0018594669319832446,0.01036990030750129,0.0048393745114185815,-0.009199343836288731,-0.015625467404257742,-0.026206367944854092,-0.01671889227875778
2023-09-30,0.010275438300354045,0.009073539319792268,0.0026951965187054228,-0.005619417985314734,0.02365522741810766,0.01362167878152798,0.014088737392164319,0.028835219744252738,0.005005046483768982,0.004821419743173738,0.01870608608443436,0.004022545879940331,0.02034406133998168,0.007285926584750024,0.0028728176598695754,-0.01344494619489911,0.017937275834684963,0.012055560218514838,0.006314064003802633,0.01051615543773976,-0.006565878816873205,0.009610746229521405,0.020568237619585705,0.0074074042647596094,0.010311889625193471,0.02707473424499529,-0.001185577414479222
2023-10-31,-0.03507286918148067,-0.020115153450795287,0.019075254502050054,0.00024900019297802167,-0.013365617334125002,-0.010925723055345449,0.00023444506655745379,-0.027072902008346555,-0.008067125075020054,-0.038374015489511026,-0.023173619533023104,-0.00452618906452118,-0.01293760534317967,-0.008835280534440937,-0.0035870129441415433,0.010036310782833624,-0.027138701740203053,0.006845338673794776,-0.011640524016408249,-0.018263818425086953,-0.0018584540393442595,0.012802323878410515,-0.05022124839446207,0.006507536606975339,-0.011420492167134255,-0.023143210117650526,-0.005115046958580116
2023-11-30,0.06009636515242556,0.026121412383593556,0.026067224355375673,0.03153190153564722,0.03474174015876974,0.030386462278939153,0.023439050062980415,0.012001485164466308,0.02517249285983536,0.06753410276083871,0.02327037134597254,0.034108458135020614,0.006846147379965695,0.014306449852705239,0.031772566102751476,0.0346215121666289,0.02836474843100567,0.010330670241953888,0.04580980362871645,0.05075188351629478,0.008646976463035694,0.028703580006222085,0.035906988396358974,0.021888182228297692,0.048849276867261926,0.016114463137035795,0.0065389647664921835
2023-12-31,0.05791862697546435,0.03625306168968989,0.03479619022584357,0.042236256322634835,0.03904222804598545,0.0408988532176453,0.035467552663249746,0.04058541842722052,0.04972507474970156,0.042025616327443505,0.032855230157493365,0.0603166059786433,0.03749900942339379,0.03293430161049482,0.057419604398443624,0.05519830814523741,0.03519641591420086,0.04722884931835192,0.04781435498626463,0.02201678480800373,0.07609988526096068,0.02739710648107474,0.034562521192843754,0.050033180307548886,0.021478764763484426,0.03282350798952405,0.06066411962094631
2024-01-31,-0.015291538739299892,0.00815728555832096,0.012437427638884335,0.0038784466028114473,0.017110195923192517,-0.002865713590690766,0.008228844828275683,-0.017586014691888363,-0.009174262872481131,-0.01593533102536515,-0.004274473804973811,0.007039448131163972,0.01334839347538641,0.03391845963457718,-0.013832210906854492,-0.02469708973447382,-0.020668375269167538,0.012894271040063021,-0.010721378883728705,-0.0030231776580343928,0.004380627510540469,0.0062141785982889886,-0.0015141838657762863,0.010928035992801233,0.01713144094782426,-0.010823780727386434,0.01656134481504057
2024-02-29,-0.0032672135031911465,0.0053985937113327775,0.022918207622941056,0.02914252548229279,0.01143796945359754,0.026037530345941695,0.02585879869425467,0.0030192612741199998,0.03922306128622299,-0.00526240900705599,0.01543276791151671,0.007529000730838398,0.02198292338636665,0.026061174564991907,0.0195632045315135,0.019963965353845037,0.019291890732873407,0.039174005968347414,0.005070526608126125,0.008336855660440401,0.039449381490449964,0.016367409493565077,0.02455765821803091,0.02632853548101277,0.033371465903768716,0.004105512244229503,0.05021037544864804
2024-03-31,0.04951465503828789,0.03905977584134157,0.059356790371762225,0.0532096828287798,0.046809886096421005,0.05399814012081938,0.07400246167104929,0.04989204248012258,0.061631212058070206,0.043963859206060496,0.04222943030348647,0.06513771342046426,0.04826558745998555,0.07480007699008295,0.06329106672769358,0.0541260946706994,0.05647376704794316,0.05287739801957558,0.05012158193108185,0.06125127450235279,0.0583106041870356,0.06123068150055322,0.04951959226280844,0.05116541472326985,0.06534933990903635,0.05146620104627786,0.06173721034954771
2024-04-30,0.008491774357793025,0.0014036352504369631,0.00759303167729497,-0.0051988442032765425,0.004145068286345088,0.011273876287199558,-0.01478016299459517,0.03823559800073317,0.002643984905736474,0.004953432288708148,0.0025320970873758952,-0.002281806490601279,-0.022019198085299507,-0.02407836276858588,0.02442569410497475,0.0012339809180261785,0.0372996776563721,0.001319883879333128,0.015695446845349847,-0.0038799652473051616,0.0068535003629515145,-0.004689307558151334,0.00033676994916298497,0.00869661882846784,0.004567921703708011,0.03809191801148604,0.026475018963720398
2024-05-31,0.034975314092659415,0.022774249038888694,0.0020661459341395627,0.019453665042671986,-0.016247278046294333,0.018864199564290418,-0.0026043941418915084,0.017016657025529458,-0.001859482797604839,0.03859366815900844,0.015100544670048954,-0.006436406464903621,0.036871345229835706,0.011164587302382678,0.008549216607499632,-0.028819332616464743,0.019430306801125008,-0.010540024292974626,0.027447587040897226,0.0307580365707385,0.008068471988817327,0.010493540454286743,0.04899167816836769,0.018334031644881232,0.045102570623649196,0.018239088630006783,0.01394906749775493
2024-06-30,-0.011805939753104178,-0.0008230345211387435,-0.002800525190465697,-0.010699724017266043,0.005252808328811254,0.001939705856359275,-0.002842999040226113,-0.006962114397688235,0.01166768726592693,-0.011853440541830906,-0.010083993919246415,0.00736420589331388,-0.008143131216050814,-0.009570401679587115,0.008145430449181479,0.0075500064748217355,-0.013405060170925243,0.009564670165570943,-0.018502763170065495,-0.011952964921846054,-0.0063849610531092615,-0.015247832231883307,-0.03170741426899282,0.0012585036570553765,-0.026307964902707592,-0.009700728199096509,-0.032721930802814936
2024-07-31,0.02982411389738915,0.025473961417787017,0.010747832989734807,0.030633861718482702,0.03270373398307003,0.017393683483809097,0.0016659664791038864,0.028030571231237422,0.004754520881567359,0.042061094911226116,0.026666532364291617,0.020608780324700815,0.05466627089578835,0.03841974120494385,0.025991313930529447,0.011748954219790164,0.020306776401803006,0.021060411233315923,0.03231507531182687,0.0234201713171589,0.004449478166040244,0.03630190872165029,-0.00048597686967633,0.02047118588517627,0.022637486957643116,0.01904826769566803,-0.0065520046429538015
2024-08-31,0.008790536894022871,0.005158871233225781,-0.009365074974982068,0.009408283113056859,-0.0015821911554745327,0.008425872144266933,-0.00023700832462925092,0.014573417321537274,-0.02091786324607048,0.010435223447718744,0.014308835869063508,-0.02283245806158052,0.0037996526096522043,-0.00626514366647779,-0.003092481543239378,-0.03353006422489624,0.002260334090688376,-0.03228760058162872,0.014421172670666005,0.007303027237036908,0.002772483008621318,0.030126138259327417,0.03519087396060683,0.006382025489682475,0.005591545951476151,0.018690644107115517,0.0037792655462622893
2024-09-30,0.008542886174868869,-0.016668584808516185,-0.032590882216844363,-0.03139370881073544,-0.030332606580915522,-0.02821191769691167,-0.04524665498663161,-0.02568967174884884,-0.029282378184649516,-0.0122053024410822,-0.014597767682610896,-0.03179035102701011,-0.014998204648160374,-0.03639483331327087,-0.022285563143618736,-0.04617867441790435,-0.00041084865356866285,-0.010870921069639272,0.0036179801594349303,-0.023805786788189676,-0.03782314009932086,-0.027629956044389337,-0.0749098264665129,-0.03740702745557156,-0.05259805011976382,-0.026066225651660724,-0.05811367075731955
2024-10-31,-0.00919350359368687,0.00977314585954736,0.008989795179914939,0.00801901367424862,0.03151308739771874,0.010507622816438245,0.004644456682102005,-0.0130557730197155,0.004934201854295939,-0.024655746623687635,-0.0209118190880746,0.013304700936045633,-0.0027363809119730353,0.026363552920303013,0.01477021584981153,0.011213442265786133,-0.013278728053202404,-0.0002383141054793647,-0.012048174726262406,0.01015877729927106,0.030225994128896927,0.006743585317657175,0.007408570028594408,0.014552946074545048,0.009595330421912296,-0.01073248784556391,0.013676238928088669
2024-11-30,0.04687598294461992,0.05045406538478425,0.06912677191287431,0.06611436605662191,0.05276220951916066,0.06285239770188045,0.060966881387512384,0.029032144950406957,0.059663479580863266,0.03516632241984596,0.027768030496347018,0.09226669620243477,0.08713152063061402,0.024225154953222416,0.06222281698265886,0.10442445833951353,0.016899570668497566,0.0984019416712516,0.03757502232805443,0.05556626419234911,0.03045971286136262,0.03281226567027917,0.03501958147272921,0.0507987863132191,0.061215760977510136,0.01595955884504141,0.03504377980086315
2024-12-31,-0.01680717985171265,-0.010497063307113752,-0.017708452150422826,-0.01656952826605307,-0.02375753873531039,-0.008499620564264454,-0.026543276547026595,-0.005053246699017411,-0.008154511278671395,-0.012229863944112851,0.007149196851913064,-0.027711527161681015,-0.027077587293124816,-0.048261166940744005,-0.018306931068350685,-0.010465841982511104,-0.008557555565230746,-0.023229615557153083,-0.00574177829606215,-0.023879940830201507,-0.025855202867671956,-0.01806078460764593,-0.028337811263455914,-0.018747462983346286,-0.03833366243985048,-0.009602004610220205,-0.03831770296390602
2025-01-31,0.05416343757696351,0.06168508720541399,0.06515608016779395,0.06590589352741594,0.06317764303321338,0.07132369282136675,0.06732912112336309,0.05952189097503324,0.06140594231891394,0.048247357210180475,0.04171350852072209,0.07324363651299226,0.057459646625249494,0.07736572427259825,0.06765274953736133,0.05480181115191951,0.054481798058567676,0.07405021882611895,0.046116288046583076,0.05164911108612813,0.07244204362857531,0.06336167277679738,0.06797570953623899,0.0757792236756516,0.062110243256820574,0.06135595913076686,0.06842251739403937
2025-02-28,0.014143156233605847,0.006719337507130163,0.05402577578666623,0.02262944022523672,0.03820830262753416,0.03749455295834858,0.07540773600528405,0.02905223088193809,0.07295956941324877,0.01376009946590484,-0.0038950634410478413,0.05189973896010325,-0.0026154966891470677,0.08239725858063651,0.05044230237722025,0.04488847592324885,0.024794034573534462,0.08322838089230133,0.011497752265574368,0.016060067709345427,0.0693042103277568,0.03497204492903361,0.05637842097392065,0.053726691203902055,0.08300499499976022,0.03340096630533074,0.1049387120694576
2025-03-31,-0.016204078294640878,-0.0171116451064236,-0.017193637044629395,-0.021197084065809002,-0.019107862668216513,-0.030332334391898863,-0.004167697865155473,-0.005389409321473471,-0.0006910496921335163,-0.008441490267661389,0.001949547807424068,-0.013870313671273005,-0.029093518110970717,-0.05244541490785093,-0.04475989689239546,-0.07759959891581492,0.00299012103248697,-0.0396275117487751,-0.0015043192680042061,0.021082190283582714,-0.005323131738126041,-0.019977857655796183,0.05040868255174402,-0.010674567174174032,0.03549463155610133,-0.0009433437445948156,0.020427627895814426
