,0
0,US80004C2008
1,US6011371027
2,US0239391016
3,US03769M1062
4,US1488061029
5,US5261071071
6,US74736K1016
7,US98138H1014
8,US5658491064
9,US88262P1021
10,US0708301041
11,US02376R1023
12,US0905722072
13,US24703L2025
14,US29530P1021
15,US29786A1060
16,US69608A1088
17,IE00028FXN24
18,US96145D1054
19,US2003401070
20,US22788C1053
21,US3802371076
22,US4523271090
23,US48251W1045
24,US7703231032
25,US7237871071
26,US92840M1027
27,US24906P1093
28,US9182041080
29,US36828A1016
30,US83444M1018
31,US2435371073
32,US86800U3023
33,US9633201069
34,US9897011071
35,US0116591092
36,US12008R1077
37,US4663131039
38,US81211K1007
39,US83417M1045
40,US90353T1007
41,US00507V1098
42,US4435106079
43,US5500211090
44,US68622V1061
45,US23355L1061
46,US92942W1071
47,US92338C1036
48,US0090661010
49,US09260D1072
50,US5341871094
51,US6512291062
52,US00751Y1064
53,US49177J1025
54,US34965K1079
55,US71880K1016
56,US25470M1099
57,US6974351057
58,US05464C1018
59,US33616C1009
60,US3032501047
61,US5502411037
62,CH1300646267
63,US45784P1012
64,US82669G1040
65,US78486Q1013
66,US9290421091
67,US36266G1076
68,US0036541003
69,US8581191009
70,US3364331070
71,US34964C1062
72,US57638P1049
73,BMG0450A1053
74,US90184L1026
75,GB00BWFY5505
76,US87612G1013
77,US1773761002
78,US2644115055
79,US26884L1098
80,US69331C1080
81,US22160N1090
82,US46187W1071
83,US7075691094
84,US6936561009
85,US44980X1090
86,US49271V1008
87,US6821891057
88,US9043112062
89,US9043111072
90,US1567821046
91,US9256521090
92,US25470F3029
93,US1331311027
94,US29082K1051
95,US7127041058
96,BMG475671050
97,US60855R1005
98,US98888T1079
99,US6556631025
100,US9839191015
101,US3647601083
102,US21037T1097
103,US3030751057
104,US4103451021
105,US5246601075
106,US9598021098
107,US29414B1044
108,US4851703029
109,US68629Y1038
110,US50155Q1004
111,US8713321029
112,US1152361010
113,US15677J1088
114,US57667L1070
115,US62955J1034
116,IE00BGH1M568
117,US91529Y1064
118,US09073M1045
119,US57772K1016
120,US9264001028
121,US0153511094
122,US60770K1079
123,US23345M1071
124,US4039491000
125,US1598641074
126,US3024451011
127,US69370C1009
128,US92220P1057
129,US12769G1004
130,US34354P1057
131,US3687361044
132,NL0009538784
133,US78440X8873
134,US9288811014
135,US98421M1062
136,US6098391054
137,GB00BDSFG982
138,US20605P1012
139,US8962391004
140,US29355A1079
141,US8865471085
142,US03748R7474
143,US03750L1098
144,US88160R1014
145,US6550441058
146,US2692464017
147,US73278L1052
148,US2220702037
149,US0936711052
150,US5002551043
151,US8807701029
152,US0185811082
153,US4128221086
154,US6556641008
155,US8793601050
156,US9022521051
157,US4234521015
158,US9553061055
159,IE00BY9D5467
160,VGG1890L1076
161,US2521311074
162,US25754A2015
163,US55616P1049
164,US7551115071
165,US14448C1045
166,US68902V1070
167,US1717981013
168,US45687V1061
169,US70432V1026
170,US94946T1060
171,US0082521081
172,US5380341090
173,US5543821012
174,IE00BFY8C754
175,US8969452015
176,US9892071054
177,US6795801009
178,US8679141031
179,US92553P2011
180,US0844231029
181,US1510201049
182,US81762P1021
183,US5178341070
184,US6402681083
185,US47233W1099
186,US62944T1051
187,US12514G1085
188,US8919061098
189,US0325111070
190,US3448491049
191,US45167R1041
192,US5253271028
193,US7565771026
194,US8725901040
195,US5024131071
196,US57060D1081
197,JE00BJ1F3079
198,US5770811025
199,US3434121022
200,US22052L1044
201,US50050N1037
202,US10922N1037
203,US2605571031
204,US90130A3095
205,US90130A4085
206,US35137L1052
207,US35137L2043
208,US3825501014
209,US9297401088
210,US0495601058
211,US6512901082
212,US22304C1009
213,US8793691069
214,US80589M1027
215,US1508701034
216,US30219G1085
217,US00817Y1082
218,US25278X1090
219,US5132721045
220,US7743411016
221,US8589121081
222,US4262811015
223,US12673P1057
224,US49338L1035
225,US76118Y1047
226,US29414D1000
227,US34959E1091
228,US3665051054
229,US03349M1053
230,US7757111049
231,BMG982941046
232,US0404132054
233,US36174X1019
234,US2172041061
235,US2199481068
236,US8873173038
237,US00508Y1029
238,US11133T1034
239,US75281A1097
240,US61166W1018
241,US30034W1062
242,US63938C1080
243,US7153471005
244,US8941641024
245,US15872M1045
246,IE00BDVJJQ56
247,US12650T1043
248,US55354G1004
249,US1651677437
250,US7033951036
251,BMG812761002
252,US8740541094
253,US8110651010
254,US0673831097
255,US4464131063
256,JE00BD85SC56
257,US52729N3089
258,BMG667211046
259,US1273871087
260,US8550301027
261,US2605431038
262,US26614N1028
263,US2635341090
264,US78410G1040
265,US46266C1053
266,US9668371068
267,US05329W1027
268,US0758961009
269,US8318652091
270,IE00BBGT3753
271,US5529531015
272,US6267171022
273,US6951561090
274,US7611521078
275,US7617131062
276,CH0048265513
277,US46590V1008
278,US0162551016
279,US0213461017
280,US03662Q1058
281,BMG3223R1088
282,US43300A2033
283,US7835491082
284,US88076W1036
285,US5828391061
286,US14575E1055
287,US87901J1051
288,US26483E1001
289,US3666511072
290,US8454671095
291,US0152711091
292,US0079031078
293,US35906A3068
294,US7547301090
295,US9170471026
296,US8716071076
297,US4130861093
298,US5356781063
299,IE00BJ3V9050
300,US7588491032
301,US12503M1080
302,US7244791007
303,US45337C1027
304,US8475601097
305,US09075E1001
306,US92214X1063
307,US30249U1016
308,US45168D1046
309,US7908491035
310,US2067871036
311,US29413U1034
312,US5249011058
313,US59522J1034
314,US67098H1041
315,US0138721065
316,US7475451016
317,US98850P1093
318,IE00BD845X29
319,US00773T1016
320,US92532W1036
321,US25271C1027
322,US2166485019
323,US85590A4013
324,US16119P1084
325,US2686481027
326,US4783661071
327,US5926881054
328,US1982801094
329,US34959J1088
330,US0126531013
331,US0188021085
332,US0012041069
333,US8723751009
334,US12686C1099
335,US07177M1036
336,US8936411003
337,US3635761097
338,GB00BDCPN049
339,US0093631028
340,US5018892084
341,US2538681030
342,US88732J2078
343,US45688C1071
344,US44967H1014
345,US80004C1018
346,US00101J1060
347,US36467W1099
348,US37940X1028
349,US88033G4073
350,US90384S3031
351,US13342B1052
352,US15135B1017
353,US4364401012
354,US7132911022
355,GB00BJVJZD68
356,US49271M1009
357,US9026531049
358,US0304201033
359,US12653C1080
360,US7292511083
361,US1113201073
362,US1746101054
363,US3137451015
364,US7401891053
365,US1712321017
366,US30225T1025
367,US34988V1061
368,IE00BDB6Q211
369,US0214411003
370,US1713401024
371,US20030N2009
372,US8265521018
373,US37247D1063
374,US87165B1035
375,US35086T1097
376,US4436831071
377,US42824C1099
378,US4811651086
379,US92345Y1064
380,US65249B2088
381,US4410601003
382,US9100471096
383,US6964293079
384,US25490A3095
385,GB00BFG3KF26
386,US70450Y1038
387,US3070001090
388,US50076Q1067
389,US5007541064
390,US01741R1023
391,US5833341077
392,US4456581077
393,US74733V1008
394,US45822P1057
395,US5441471019
396,US7561091049
397,US97382A3095
398,US0184901025
399,US0543031027
400,US2479162081
401,US29444U7000
402,BMG6359F1370
403,US14170T1016
404,US8064071025
405,US7167681060
406,US83088M1027
407,IE00B68SQD29
408,US40412C1018
409,US7865142084
410,LR0008862868
411,US3846371041
412,US7045492037
413,US9113631090
414,US9139031002
415,GB00B6SLMV12
416,US5732841060
417,US9129091081
418,US3458381064
419,US4599021023
420,US11135F1012
421,US5021611026
422,US78442P1066
423,US0737301038
424,US02079K1079
425,US1858991011
426,US2971781057
427,US98212B1035
428,US53217V1098
429,US8923561067
430,US0028962076
431,US30303M1027
432,US6081901042
433,US9255501051
434,US6085541018
435,IE00BFRT3W74
436,US6795351047
437,US6294911010
438,US24702R1014
439,US0311001004
440,US92532F1003
441,US0559211000
442,US2473617023
443,US8520611000
444,US0376041051
445,US65249B1098
446,US3205171057
447,US98978V1035
448,US37045V1008
449,US4230741039
450,US2423702032
451,US2228621049
452,US75886F1075
453,US0893021032
454,US00287Y1091
455,US3142111034
456,JE00BTDN8H13
457,US8883392073
458,CH0114405324
459,US2578672006
460,IE00B40K9117
461,US2566771059
462,US86764P1093
463,US02076X1028
464,US00737L1035
465,US5297711070
466,IE00BLS09M33
467,NL0009434992
468,US8123501061
469,US3823881061
470,US7432631056
471,IE00BKVD2N49
472,US4325891095
473,US61174X1090
474,US5128073062
475,US6700081010
476,US28336L1098
477,US49456B1017
478,US6200971058
479,US7185461040
480,US8685363017
481,US58405U1025
482,US22822V1017
483,US2103711006
484,US2056381096
485,US8796641004
486,US0997241064
487,US0015471081
488,US2567461080
489,US6117421072
490,US86732Y1091
491,US6540861076
492,US47102X1054
493,US45073V1089
494,US98419M1009
495,US1567081096
496,IE000IVNQZ81
497,US61945C1036
498,US6376401039
499,IE00B4BNMY34
500,US5718371033
501,US56585A1025
502,US74979E1010
503,US7434101025
504,US74340W1036
505,US5762061068
506,US1696561059
507,US6700061053
508,US09290D1019
509,US3729171047
510,US28176E1082
511,US7491211097
512,US5790641063
513,US0173611064
514,US7472771010
515,US5894331017
516,US2774611097
517,US3156161024
518,US4955821081
519,US64110L1061
520,US6501111073
521,US88337F1057
522,US6952571056
523,IE00BK9ZQ967
524,IE00BY7QL619
525,US8321101003
526,CH0044328745
527,US6010731098
528,US7483561020
529,US1431301027
530,US98385X1063
531,US0554821035
532,US0917971006
533,US6826801036
534,US4499341083
535,US7134091005
536,US9344231041
537,US0846707026
538,US12189T1043
539,US0081901003
540,US6293775085
541,US8668102036
542,US7766961061
543,US1717793095
544,US2124851062
545,US26817R1086
546,US48666K1097
547,US55262C1009
548,US7782961038
549,US92826C8394
550,US09857L1089
551,US8066051017
552,US9830241009
553,US5635714059
554,US1523121044
555,US3024913036
556,US1255811085
557,US29078E1055
558,US74762E1029
559,US9581021055
560,US7753711073
561,US82981J8514
562,US67103H1077
563,US30040W1080
564,US02503Y1038
565,US4404521001
566,US48020T1016
567,US92276F1003
568,IE00BLNN3691
569,US8459051087
570,US95040Q1040
571,US46284V1017
572,US9029111062
573,US5901881087
574,US6354051038
575,US9299031024
576,US0683061099
577,US0195893088
578,US7607591002
579,US4858651098
580,US0381491002
581,US0352291035
582,US0441861046
583,US4270561065
584,US9831341071
585,US9092143067
586,US8326964058
587,US8807791038
588,US5528481030
589,US92939U1060
590,US2540671011
591,US6311031081
592,US9825261053
593,US0320951017
594,US9505901093
595,US9393221034
596,US7864291007
597,US5024311095
598,US5249081002
599,US3119001044
600,US79466L3024
601,US3135861090
602,US3134003017
603,US1252691001
604,US2856611049
605,US44891N2080
606,BMG491BT1088
607,US23918K1088
608,US1845021021
609,US57636Q1040
610,US2223721042
611,US8110544025
612,US1170431092
613,US1270971039
614,US67622P1012
615,US0231391089
616,US8928931083
617,US0739021089
618,US46120E6023
619,US1727371080
620,US2005191067
621,US42250P1030
622,US7181721090
623,US4136191073
624,US87161C5013
625,US8798681073
626,US8960471071
627,US2605611050
628,US0200391037
629,US03027X1000
630,US8791311009
631,US5640551017
632,US0717071031
633,US0534991098
634,US46982L1089
635,US4328481092
636,US8731681081
637,US3021301094
638,US0395831094
639,US30212P3038
640,US8341821077
641,US62886E1082
642,US45866F1049
643,US3199631041
644,US20449H1095
645,US5950171042
646,US49337W1009
647,US00971T1016
648,US0906131000
649,US2566691026
650,US0008863096
651,US2547091080
652,US58551A1088
653,US69344F1066
654,US8010561020
655,US5846991025
656,US49455P1012
657,US75605E1001
658,US04621X1081
659,US6092071058
660,US7859051002
661,US9149061023
662,US1417051034
663,US7172651025
664,US44107P1049
665,US12541W2098
666,US4219331026
667,US7110301063
668,US0290661075
669,US2947411037
670,US7512121010
671,US2058624022
672,US0534841012
673,US8715081076
674,US0798601029
675,US63934E1082
676,US35687M2061
677,US5494631071
678,US6594241050
679,US4041191093
680,US1924461023
681,US12504L1098
682,US31620M1062
683,US3380322046
684,US5463471053
685,US0321651020
686,US0344251089
687,US3813171069
688,US12572Q1058
689,US4923861078
690,US0537741052
691,US3676261080
692,US2168311072
693,US4990401030
694,US2928451044
695,US0131041040
696,US48203R1041
697,US03822W4069
698,US4016981056
699,US1700401094
700,US02079K3059
701,US1220141030
702,US1011211018
703,US1724741087
704,US4750701082
705,US49446R1095
706,US5785921074
707,US2358111068
708,US8086551046
709,US7581101000
710,US8261701028
711,US92343E1029
712,US5184391044
713,US5894051094
714,US55262L1008
715,US92556H2067
716,US92839U1079
717,US3732981085
718,US1313471062
719,US0231351067
720,US0019575051
721,US2471261055
722,US5260571048
723,US03076C1062
724,US3757661026
725,US74406A1025
726,US5777781031
727,US2473611083
728,US74460D1090
729,US65332V1035
730,US8673631037
731,US9024941034
732,US9152891027
733,US8923351006
734,US21036P1084
735,US23331A1097
736,US3905681033
737,US9234361098
738,US8123871084
739,US73930R1023
740,US7127131065
741,US2244411052
742,US2480191012
743,US9818111026
744,US9742801098
745,US94973H1086
746,US5049221055
747,US8447301016
748,US00209A1060
749,US1609031000
750,US8760301072
751,US8843151023
752,US06423A1034
753,US3755581036
754,US9080681094
755,US0263751051
756,US41014S1069
757,US91913Y1001
758,US8520615068
759,US92556V1061
760,US89420G4064
761,US3390301089
762,US8998961044
763,US2061971055
764,US55261F1049
765,US7445731067
766,US09062X1037
767,US0905971059
768,US7487671007
769,PAL1201471A1
770,US6046751086
771,US71713U1025
772,US6687711084
773,US4418151076
774,US29261A1007
775,US5797802064
776,US0017651060
777,US8726491082
778,US74834L1008
779,US20030N1019
780,US2082515048
781,US9284973040
782,US6966431057
783,US2084641073
784,US0367521038
785,CA0137161059
786,CA0679011084
787,US2786421030
788,US2855121099
789,US38141G1040
790,CA4532584022
791,CA6565685089
792,CA7259061017
793,US74251V1026
794,US7443201022
795,US7802593050
796,US9047847093
797,US9113121068
798,US4525281022
799,US2071423089
800,US8288061091
801,US98157D1063
802,US9119051079
803,US8030621085
804,US9691331071
805,US6535201064
806,US5828341074
807,US9418481035
808,US4376141002
809,US7512773026
810,US29476L1070
811,US6376572060
812,US2935611069
813,US67066G1040
814,US36225X1000
815,US8816941038
816,US8914903021
817,US1114127061
818,US9297711031
819,US03073E1055
820,US0263511067
821,US8873891043
822,US98956P1021
823,US7474021059
824,US7376301039
825,US5431621011
826,US41163G1013
827,US0226151084
828,US98157D3044
829,US8581222036
830,US1090431099
831,US3377381088
832,US6798331038
833,US1567791009
834,US1729081059
835,US8660051017
836,US9029733048
837,US9055811049
838,US1904411055
839,US8873151091
840,US62952P1021
841,US7310951055
842,US7823521080
843,US8517831009
844,US8636671013
845,US0875091052
846,US2283681060
847,US4612021034
848,US59156R1086
849,US38388F1084
850,US0460081088
851,US3411091065
852,US3474711047
853,US8118041032
854,US6956291057
855,US1976481085
856,US27637F1003
857,US26875P1012
858,US65473P1057
859,US9049111043
860,US5612321092
861,US9874251054
862,US08658U1016
863,US6153691059
864,US69073F1030
865,US25179M1036
866,US3900641032
867,US64352U1034
868,US8855351040
869,US7677548726
870,US9078341057
871,US3623201031
872,US5987093011
873,US4517131011
874,US9344881076
875,US8270563005
876,US1585251051
877,US1523571099
878,US58440J1043
879,US8873641075
880,US8194861014
881,US8552441094
882,US00846U1016
883,US6295791031
884,US60462E1047
885,US12490K1079
886,US7617631012
887,US0488251036
888,US7132781094
889,US7169411094
890,US8175651046
891,US2096151038
892,US3390991038
893,CH0018666781
894,US7607191043
895,US50730R1023
896,US6070591028
897,US6951141083
898,US4956671071
899,US14743R1032
900,US8803491054
901,US0434131035
902,US8354151008
903,US2328091036
904,US2376881064
905,US74144T1088
906,US0309541011
907,US0326541051
908,US7234841010
909,US7236861016
910,US06605R1068
911,KYG3682L1059
912,US35906P1057
913,US5873421060
914,US7546031086
915,US0715931079
916,US1158851055
917,US6298531020
918,US7475251036
919,US8934851028
920,US9291601097
921,US0865161014
922,US7438621044
923,US00949T1007
924,US0434911097
925,US64110D1046
926,US0300961010
927,US0663651075
928,US0010551028
929,US5929071091
930,CA6158571092
931,US1258961002
932,US9055301017
933,US0078691005
934,US0318971019
935,US7810881091
936,US87924V1017
937,US68763F1003
938,US4041001094
939,US58155Q1031
940,US0319051027
941,US8669301009
942,US70931Q1094
943,PA1436583006
944,US3705631089
945,US0421701006
946,US2358511028
947,US8615891095
948,US1711961086
949,US9497401045
950,US1729674242
951,US3708381047
952,US00130H1059
953,US2615971080
954,US31945A1007
955,US0086771062
956,US9127071069
957,US0660501059
958,US7043261079
959,US5640541042
960,US5526731055
961,US0725101002
962,US2333111092
963,US7591EP1005
964,US5875331002
965,US9576741048
966,US3744781051
967,US94106L1098
968,US94106K1016
969,US2787491065
970,US0817211024
971,US14040H1059
972,US3935051025
973,US78375P1075
974,US6942321091
975,US8168511090
976,US2538491034
977,US2186951040
978,US3546131018
979,US9032901046
980,US1611331034
981,US4126931033
982,US7864841058
983,US6658591044
984,US71343P2002
985,US1298941014
986,CA2787511021
987,US0680551027
988,US0236081024
989,US9065481023
990,US3391301062
991,US6819191064
992,US1720621010
993,US4041811096
994,US89832Q1094
995,US79549B1070
996,US3379321074
997,US5462681033
998,US8633141002
999,US9884981013
1000,US0239051024
1001,US4824801009
1002,US8753701080
1003,US6707681002
1004,US8574771031
1005,US6554191097
1006,US4461501045
1007,US2935671030
1008,US5801691008
1009,US7433151039
1010,US03743Q1085
1011,US80218K1051
1012,US4586831095
1013,US3750481059
1014,US3914421009
1015,US2944291051
1016,US6979261038
1017,US9173181077
1018,US8085131055
1019,US6174461094
1020,US14149Y1082
1021,US2083681005
1022,US00724F1012
1023,US8021761072
1024,US6948901045
1025,US0144761055
1026,US0533321024
1027,US5492821013
1028,US7835201093
1029,US8250391005
1030,US8835561023
1031,US05873C1062
1032,US2059441012
1033,US9855101062
1034,US6900201020
1035,US92224R6027
1036,US22281N1037
1037,US8793351078
1038,US1295001044
1039,US9119101072
1040,US1266501006
1041,US7739031091
1042,US7404591023
1043,IE00BLP1HW54
1044,US5438591027
1045,US3205481001
1046,US2252241045
1047,US3136931033
1048,US3167731005
1049,US4102521006
1050,US1398591024
1051,US3201951007
1052,US4165151048
1053,US6184471067
1054,US9898241073
1055,US8098771038
1056,US3194551012
1057,US4448591028
1058,US8204841030
1059,US69351T1060
1060,US35671D8570
1061,US9893491053
1062,US9153021038
1063,US0702031040
1064,US3208911046
1065,US8021831032
1066,US8308301055
1067,US0200021014
1068,US78473E1038
1069,US5457001064
1070,US5526181004
1071,US2371941053
1072,US6882222077
1073,US4171191046
1074,US1813961026
1075,US2113271017
1076,US5404241086
1077,US2691573016
1078,US0640581007
1079,US5777301046
1080,US0382221051
1081,US5398211087
1082,US5398301094
1083,US1011371077
1084,US6357711083
1085,US7158251055
1086,US8935321013
1087,US88579Y1010
1088,US0028241000
1089,US0530151036
1090,US0255371017
1091,US0268747849
1092,US0091581068
1093,US02209S1033
1094,US0258161092
1095,US0311621009
1096,US0378331005
1097,US0394831020
1098,US00206R1023
1099,US0527691069
1100,US0536111091
1101,US05722G1004
1102,US0584981064
1103,US0718131099
1104,US0758871091
1105,US0970231058
1106,US0605051046
1107,US1101221083
1108,US1156372096
1109,US1344291091
1110,US1491231015
1111,US15189T1079
1112,US1667641005
1113,US1255231003
1114,US17275R1023
1115,US1890541097
1116,US1912161007
1117,US1941621039
1118,US2058871029
1119,US20825C1045
1120,US2091151041
1121,US2193501051
1122,US22160K1051
1123,US1264081035
1124,US2310211063
1125,US2441991054
1126,US25746U1097
1127,US2600031080
1128,US2333311072
1129,US26441C2044
1130,US2774321002
1131,IE00B8KQN827
1132,US2788651006
1133,US2810201077
1134,US2910111044
1135,US29364G1031
1136,US30161N1019
1137,US30231G1022
1138,US31428X1063
1139,US3453708600
1140,US3696043013
1141,US3695501086
1142,US3703341046
1143,US3724601055
1144,US37959E1029
1145,US4062161017
1146,US4180561072
1147,US4278661081
1148,US42809H1077
1149,US4370761029
1150,US4385161066
1151,US4432011082
1152,US40434L1052
1153,US4592001014
1154,US4523081093
1155,US4581401001
1156,US4606901001
1157,US4595061015
1158,US4601461035
1159,US4781601046
1160,US46625H1005
1161,US4878361082
1162,US4932671088
1163,US4943681035
1164,US5010441013
1165,US5324571083
1166,IE000S9YS762
1167,US5486611073
1168,US5719032022
1169,US5717481023
1170,US5745991068
1171,US5801351017
1172,IE00BTN1Y115
1173,US58933Y1055
1174,US5951121038
1175,US5949181045
1176,US60871R2094
1177,US6174464486
1178,US6200763075
1179,US6516391066
1180,US65339F1012
1181,US6541061031
1182,US6558441084
1183,US6668071029
1184,US6703461052
1185,US6745991058
1186,US68389X1054
1187,US6937181088
1188,US7010941042
1189,US7134481081
1190,US7170811035
1191,US6934751057
1192,US6935061076
1193,US7427181091
1194,US7458671010
1195,US7140461093
1196,US75513E1010
1197,US78409V1044
1198,AN8068571086
1199,US8243481061
1200,US8330341012
1201,US8425871071
1202,US8447411088
1203,US8545021011
1204,US8718291078
1205,US87612E1064
1206,US8825081040
1207,US8832031012
1208,US8725401090
1209,US89417E1091
1210,US9078181081
1211,US91324P1021
1212,US92343V1044
1213,US9314271084
1214,US9311421039
1215,US2546871060
1216,US9497461015
1217,US9621661043
1218,US9694571004
1219,US3848021040
1220,US98389B1008
1221,KYG532631028
1222,KYG6470A1168
1223,HK0000608585
1224,HK0285041858
1225,KYG2453A1085
1226,KYG5479M1050
1227,CNE100003F19
1228,KYG245241032
1229,CNE100000FN7
1230,HK0836012952
1231,KYG5074A1004
1232,KYG9066F1019
1233,CNE100000502
1234,KYG8588S1049
1235,KYG2122G1064
1236,CNE1000048K8
1237,KYG8878S1030
1238,KYG070341048
1239,CNE1000002R0
1240,KYG211461085
1241,KYG549581067
1242,KYG2953R1149
1243,KYG211501005
1244,BMG677491539
1245,KYG8020E1199
1246,KYG9894K1085
1247,HK0992009065
1248,CNE100004272
1249,HK0291001490
1250,KYG3066L1014
1251,KYG8208B1014
1252,KYG6427A1022
1253,CNE100000205
1254,CNE1000002M1
1255,KYG5496K1242
1256,KYG9828G1082
1257,CNE100000296
1258,KYG9829N1025
1259,BMG0171K1018
1260,KYG4290A1013
1261,KYG5635P1090
1262,KYG040111059
1263,KYG1674K1013
1264,KYG596691041
1265,HK0019000162
1266,KYG017191142
1267,HK0083000502
1268,KYG9431R1039
1269,KYG970081173
1270,KYG9830T1067
1271,HK0669013440
1272,HK0023000190
1273,HK0144000764
1274,KYG8087W1015
1275,KYG8167W1380
1276,HK1093012172
1277,HK0004000045
1278,HK0293001514
1279,BMG5320C1082
1280,KYG8586D1097
1281,KYG9593A1040
1282,KYG960071028
1283,KYG097021045
1284,KYG3777B1032
1285,BMG5485F1692
1286,BMG2178K1009
1287,KYG2177B1014
1288,HK0013000119
1289,KYG217651051
1290,BMG2442N1048
1291,HK0823032773
1292,KYG210961051
1293,CNE100000528
1294,BMG3122U1457
1295,HK0027032686
1296,CNE1000001T8
1297,KYG7800X1079
1298,HK0000069689
1299,KYG3472Y1017
1300,KYG4402L1510
1301,KYG2108Y1052
1302,BMG988031446
1303,HK0906028292
1304,HK0008011667
1305,KYG875721634
1306,HK0688002218
1307,CNE1000003W8
1308,CNE1000003X6
1309,CNE1000002L3
1310,CNE1000003G1
1311,CNE1000001Z5
1312,CNE1000002Q2
1313,CNE1000002H1
1314,HK0388045442
1315,BMG5150J1577
1316,HK0203009524
1317,HK0097000571
1318,HK0020000177
1319,HK0363006039
1320,HK0000139300
1321,HK2388011192
1322,HK0010000088
1323,HK0014000126
1324,HK0883013259
1325,BMG265671005
1326,HK0000049939
1327,BMG348041077
1328,HK0066009694
1329,BMG8219Z1059
1330,BMG4069C1486
1331,BMG8063F1068
1332,HK0270001396
1333,HK0045000319
1334,HK0000051067
1335,HK0941009539
1336,BMG4079W1001
1337,HK0242001243
1338,HK0018000155
1339,HK0044000302
1340,HK0071000456
1341,HK0101000591
1342,BMG507361001
1343,BMG507641022
1344,HK0000356805
1345,HK0098000588
1346,HK0267001375
1347,HK0002007356
1348,HK0011000095
1349,HK0012000102
1350,HK0003000038
1351,GB0005405286
1352,HK0006000050
1353,HK0016000132
1354,GB0008220112
1355,GB00BR3YV268
1356,GB00B11V7W98
1357,LU1072616219
1358,GB00B1QH8P22
1359,GB0003718474
1360,GB0007669376
1361,GB0001859296
1362,GB0001367019
1363,GB00BNYK8G86
1364,GB0031743007
1365,BMG4593F1389
1366,GB00BL6K5J42
1367,GB00B4WFW713
1368,GB00B3MBS747
1369,GB0003096442
1370,IE00BWT6H894
1371,GB00B1VZ0M25
1372,GB00B7KR2P84
1373,GB0009633180
1374,GB0006825383
1375,GB00BYT1DJ19
1376,IE0001827041
1377,GB0005576813
1378,GB00BF8Q6K64
1379,GB0001826634
1380,GB00B0LCW083
1381,GB00BZ4BQC70
1382,GB0031274896
1383,GB00BGLP8L22
1384,GB00BMWRZ071
1385,GB00BBG9VN75
1386,GB00BYYTFB60
1387,GB00BYQ0JC66
1388,GB00BMBVGQ36
1389,GB0009465807
1390,GB00BD3VFW73
1391,GB0003466074
1392,GB0005758098
1393,GB00BDD85M81
1394,GB00BMX86B70
1395,GB00B033F229
1396,GB00BDVZYZ77
1397,GB0033986497
1398,GB0006928617
1399,US31488V1070
1400,GB00B71N6K86
1401,JE00B6T5S470
1402,GB00BKDRYJ47
1403,GB00BH0P3Z91
1404,GB00B03MM408
1405,GB0006043169
1406,NL0012015705
1407,GB0007323586
1408,ZAE000296554
1409,GB00BKKMKR23
1410,GB00BNNTLN49
1411,GG00BPFJTF46
1412,GB0031215220
1413,IM00B5VQMV65
1414,GB0033195214
1415,GB00B7FC0762
1416,GB00B2QPKJ12
1417,DE000TUAG505
1418,GB00BKX5CN86
1419,GB00BKFB1C65
1420,GB00BY9D0Y18
1421,GB00BJ1F4N75
1422,GB00BM8Q5M07
1423,GB00B5N0P849
1424,GB00BGXQNP29
1425,GB00BVYVFW23
1426,GB00B01C3S32
1427,JE00B2QKY057
1428,GB00BWFGQN14
1429,GB0001411924
1430,ZAE000255360
1431,GB00BNHSJN34
1432,GB00BGDT3G23
1433,GB00B01FLG62
1434,GB00B8HX8Z88
1435,GB0030646508
1436,GB00BNGDN821
1437,GB00BRJQ8J25
1438,GB00BYYK2V80
1439,GB0009697037
1440,GB0004052071
1441,GB00BDZT6P94
1442,GB00BP0RGD03
1443,GB00B1Z4ST84
1444,GB0006834344
1445,GB00B5ZN1N88
1446,GB00B23K0M20
1447,GB00B4Y7R145
1448,GB00B082RF11
1449,GB00BLDYK618
1450,GB00BK9RKT01
1451,GB00BYZTBD95
1452,GB00BJFFLV09
1453,GB0000595859
1454,GB00BMHTPY25
1455,GB00B1WY2338
1456,GB00B09LSH68
1457,GB0000031285
1458,GB00BMJ6DW54
1459,GB0008762899
1460,IE0002424939
1461,GB00BK1PTB77
1462,GG00B62W2327
1463,GB0001500809
1464,DE000TUAG265
1465,GB00BN4HT335
1466,GB0000811801
1467,GB00B0H2K534
1468,GB0008782301
1469,GB00B1Z7RQ77
1470,GB00B1YW4409
1471,GB0031698896
1472,GB0000282623
1473,GB00BP92CJ43
1474,GB0000536739
1475,GB0033277061
1476,CH0198251305
1477,GB00B29BCK10
1478,GB00BMWC6P49
1479,GB0007973794
1480,GB0031411001
1481,GB00B0HZPV38
1482,GB00B0SWJX34
1483,GB00B132NW22
1484,GB0006320161
1485,JE00BJ1DLW90
1486,GB0002395811
1487,GB00BNKT5L33
1488,GB00B5SXPF57
1489,GB00B17BBQ50
1490,GB00BYSRJ698
1491,GB0055007982
1492,GB00B0744B38
1493,JE00B4T3BW64
1494,GB00B979H674
1495,GB00B61D2N63
1496,GB00B07KD360
1497,GB0008962655
1498,GB00B5WB0X89
1499,GB00B19NKB76
1500,GB00B1VYCH82
1501,GB00B4QNFN88
1502,BMG2287M1047
1503,GB00B635TG28
1504,GB00B5KKT968
1505,GB00B2PF6M70
1506,GB00B3T69350
1507,GB0000961622
1508,GB00B1KJJ408
1509,GB00B29MWZ99
1510,GB00B1VNSX38
1511,GB00B2988H17
1512,GB0003452173
1513,GB0031638363
1514,GB00B4W8WV40
1515,GB0030587504
1516,GB00B04QKW59
1517,GB00B6YTLS95
1518,GB00B1L8B624
1519,GB00B1XH2C03
1520,GB0000386143
1521,GB0004342563
1522,GB0007839698
1523,GB0031718066
1524,GB00B1KQN728
1525,GB00B02J6398
1526,GB0000472455
1527,GB00BJQZC279
1528,GB0001452795
1529,GB00B1FP6H53
1530,GB00BPXRVT80
1531,GB0004594973
1532,GB0001282697
1533,GB0033516088
1534,GB00B0P7Y252
1535,GB0002228152
1536,GB00B125RK88
1537,GB0003833695
1538,GB00B127GF29
1539,GB0030616733
1540,GI000A0MV757
1541,GB00B19NLV48
1542,GB00BP9LHF23
1543,GB0001081206
1544,GB0009165720
1545,GB0000673409
1546,GB00B0ZSH635
1547,GB0006800485
1548,GB00B05KYV34
1549,GB0004486881
1550,GB0000687078
1551,GB00B1B59F82
1552,GB0004161021
1553,GB0007294571
1554,GB00BP6MXD84
1555,GB0033388496
1556,GB0000044551
1557,GB0007382939
1558,GB0002243052
1559,GB0001822765
1560,GB0006544521
1561,GB0031016099
1562,GB0002747532
1563,GB0000456144
1564,GB0000492412
1565,ES0177542018
1566,GB0033388504
1567,GB00B63H8491
1568,GB00BHJYC057
1569,GB0002431954
1570,GB0009766402
1571,GB0000444736
1572,GB0004437462
1573,GB0005227086
1574,GB0009594036
1575,GB0031428682
1576,GB0003188660
1577,JE00BD9WR069
1578,GB0003419255
1579,GB0003847372
1580,LU0253815640
1581,GB0008897828
1582,GB00B45TWN62
1583,GB0008774316
1584,GB00B1FH8J72
1585,GB0004726096
1586,GB0000764547
1587,GB0008435405
1588,GB0009223206
1589,GB0003863023
1590,GB0032089863
1591,GB0007212938
1592,GB0001728574
1593,GB00BD6K4575
1594,GB0008447814
1595,GB0001356566
1596,GB0006731235
1597,GB00B04KC328
1598,GB0009755066
1599,GB0004767421
1600,GB0002875796
1601,GB0004544929
1602,GB0006158686
1603,GB0008611997
1604,GB0007448250
1605,GB00B0D5VH57
1606,GB00B0XZZ512
1607,GB0000409325
1608,GB0001637874
1609,GB0002930377
1610,GB0006253958
1611,GB0006614969
1612,GB00B8C3BL03
1613,GB0000572007
1614,GB0004004957
1615,GB00B1XZS820
1616,GB0002598570
1617,GB0005386866
1618,GB0000152198
1619,GB0002721339
1620,GB0007908733
1621,GB0008286774
1622,GB0007266413
1623,GB00B1L5QH97
1624,GB0005316962
1625,JE00B8KF9B49
1626,GB0001664969
1627,GB0003685376
1628,GB0003132478
1629,GB0005808588
1630,GB0008686734
1631,GB0003819322
1632,GB0005669444
1633,GB0002354719
1634,GB0000486794
1635,GB0007287005
1636,GB0002284825
1637,GB0006884620
1638,GB0000403856
1639,GB00B82YXW83
1640,GB0007552143
1641,GB00B0671K18
1642,GB0009058040
1643,GB00B3DGH821
1644,GB0005326888
1645,GB0002922051
1646,GB0009654111
1647,GB0005907497
1648,GB00B61TVQ02
1649,GB00BDR05C01
1650,GB0003409991
1651,GB0002909082
1652,GB0001762680
1653,GB0002707957
1654,GB0005806103
1655,GB0009472936
1656,GB0009270579
1657,GB0002912243
1658,GB0009895292
1659,GB00BPQY8M80
1660,GB0002634946
1661,GB0031348658
1662,GB0007980591
1663,GB0002875804
1664,GB0030913577
1665,GB0002374006
1666,GB00BN7SWP63
1667,GB00BYW0PQ60
1668,GB0005603997
1669,GB0008706128
1670,GB00BM8PJY71
1671,GB0006776081
1672,GB0007099541
1673,GB00B24CGK77
1674,GB00B2B0DG97
1675,GB0007188757
1676,GB00B019KW72
1677,GB0004082847
1678,GB00BLGZ9862
1679,GB00B10RZP78
1680,GB00B39J2M42
1681,GB00BH4HKS39
1682,NL0000395903
1683,FR0000125007
1684,NL0011585146
1685,DE000A1ML7J1
1686,IT0005239360
1687,FI4000297767
1688,FI0009013403
1689,FI0009000681
1690,NL0000009538
1691,FR0014008VX5
1692,DE000DTR0CK8
1693,FR0000052292
1694,DE0007100000
1695,NL0015000IY2
1696,FR0000127771
1697,ES0109067019
1698,ES0113211835
1699,FR0010208488
1700,NL00150001Q9
1701,DE0006231004
1702,NL0000388619
1703,DE000ENER6Y0
1704,NL0012969182
1705,DE0005785604
1706,FR0000133308
1707,FR0000120693
1708,NL0013654783
1709,FR0000130809
1710,ES0178430E18
1711,DE0005810055
1712,FR0013326246
1713,NL0000009355
1714,DE000A2E4L75
1715,DE0005140008
1716,DE000ENAG999
1717,FR0000121485
1718,DE000A1EWWW0
1719,NL0011794037
1720,FR0000120172
1721,IT0000062072
1722,DE000UNSE026
1723,ES0173516115
1724,DE0007037129
1725,FR0000073272
1726,LU1598757687
1727,DE0005552004
1728,DE000LED4000
1729,NL0000235190
1730,NL0010273215
1731,FR0000121667
1732,IT0003497168
1733,DE000A1KRND6
1734,FR0010220475
1735,FR0000045072
1736,ES0148396007
1737,DE0007664039
1738,ES0126775008
1739,LU0569974404
1740,BMG0112X1056
1741,DE0005190003
1742,DE0007664005
1743,BE0974293251
1744,BE0974264930
1745,FR0000131906
1746,FR0000130007
1747,FR0000120529
1748,NL0000301109
1749,ES0130670112
1750,IE00BF0L3536
1751,FR0000120537
1752,FR0000121972
1753,FR0000125486
1754,IT0000072618
1755,IT0001269361
1756,NL0000009470
1757,IT0001052049
1758,FR0000130460
1759,DE0007164600
1760,ES0144580Y14
1761,DE0008022005
1762,IT0001127429
1763,NL0000009082
1764,DE0005350003
1765,FR0000125460
1766,DE0007257503
1767,FR0000120644
1768,BE0003637486
1769,IT0003128367
1770,DE0006560303
1771,FR0000131104
1772,FR0004011534
1773,FR0000120420
1774,NL0013267909
1775,ES0113900J37
1776,DE000BASF111
1777,DE0008232125
1778,DE0008430026
1779,PTPTC0AM0009
1780,NL0006144495
1781,FR0000120578
1782,BE0003564722
1783,FR0000120271
1784,DE0005500003
1785,FR0000120073
1786,DE0008404005
1787,FR0000120628
1788,DE000BAY0017
1789,DE0005557508
1790,IT0003132476
1791,NL0011821202
1792,FR0000120321
1793,FR0000121014
1794,DE0007236101
